Date,股票代码,Open,Close,High,Low,Volume,Amount,振幅,涨跌幅,涨跌额,换手率
2020-01-02,600570,32.69,32.96,33.19,32.33,175683,1391068896.0,2.67,2.23,0.72,2.19
2020-01-03,600570,32.84,32.79,33.32,32.37,163653,1297846416.0,2.88,-0.52,-0.17,2.04
2020-01-06,600570,32.48,33.2,33.66,32.36,210236,1680557040.0,3.96,1.25,0.41,2.62
2020-01-07,600570,33.22,33.87,34.26,32.91,227288,1842082752.0,4.07,2.02,0.67,2.83
2020-01-08,600570,33.53,33.58,34.46,33.42,230314,1883892448.0,3.07,-0.86,-0.29,2.87
2020-01-09,600570,34.04,34.07,34.88,33.91,179525,1483708768.0,2.89,1.46,0.49,2.24
2020-01-10,600570,34.43,33.78,34.6,33.62,130013,1063580048.0,2.88,-0.85,-0.29,1.62
2020-01-13,600570,33.6,34.24,34.36,33.36,158667,1293772768.0,2.96,1.36,0.46,1.98
2020-01-14,600570,34.57,33.87,34.66,33.83,125122,1030659616.0,2.42,-1.08,-0.37,1.56
2020-01-15,600570,33.77,34.63,34.66,33.67,179759,1487650912.0,2.92,2.24,0.76,2.24
2020-01-16,600570,34.76,34.74,35.04,34.25,170847,1426120112.0,2.28,0.32,0.11,2.13
2020-01-17,600570,35.04,36.32,36.7,34.81,296268,2563584848.0,5.44,4.55,1.58,3.69
2020-01-20,600570,37.43,36.33,37.61,35.39,289745,2530100000.0,6.11,0.03,0.01,3.61
2020-01-21,600570,36.23,36.48,37.19,36.07,203083,1791153248.0,3.08,0.41,0.15,2.53
2020-01-22,600570,36.39,38.37,38.83,36.16,266181,2400166864.0,7.32,5.18,1.89,3.31
2020-01-23,600570,37.9,36.87,38.85,36.11,288501,2597837824.0,7.14,-3.91,-1.5,3.59
2020-02-03,600570,33.12,33.12,33.41,33.12,200184,1599369424.0,0.79,-10.17,-3.75,2.49
2020-02-04,600570,33.12,34.47,34.74,33.12,311948,2563659280.0,4.89,4.08,1.35,3.88
2020-02-05,600570,34.49,34.42,35.6,34.04,281927,2360178288.0,4.53,-0.15,-0.05,3.51
2020-02-06,600570,34.63,36.6,37.05,34.3,327193,2821220272.0,7.99,6.33,2.18,4.07
2020-02-07,600570,36.37,37.96,38.23,36.21,276806,2490344976.0,5.52,3.72,1.36,3.45
2020-02-10,600570,37.97,39.2,41.18,37.77,304454,2886061216.0,8.98,3.27,1.24,3.79
2020-02-11,600570,39.19,38.94,39.85,38.41,194752,1832289184.0,3.67,-0.66,-0.26,2.42
2020-02-12,600570,38.97,40.74,41.17,38.86,263363,2549977840.0,5.93,4.62,1.8,3.28
2020-02-13,600570,40.85,39.98,41.62,39.87,214805,2085978416.0,4.3,-1.87,-0.76,2.67
2020-02-14,600570,39.76,39.87,41.48,39.28,232035,2245798688.0,5.5,-0.28,-0.11,2.89
2020-02-17,600570,40.89,41.02,41.21,40.18,221540,2170572544.0,2.58,2.88,1.15,2.76
2020-02-18,600570,40.8,41.22,41.29,40.58,156761,1539859120.0,1.73,0.49,0.2,1.95
2020-02-19,600570,41.14,40.15,41.18,40.12,211709,2063060816.0,2.57,-2.6,-1.07,2.64
2020-02-20,600570,40.39,43.72,44.23,40.3,435686,4451374336.0,9.79,8.89,3.57,5.42
2020-02-21,600570,42.97,42.98,44.21,42.63,309554,3208625776.0,3.61,-1.69,-0.74,3.85
2020-02-24,600570,42.38,42.71,43.66,42.02,252705,2598968560.0,3.82,-0.63,-0.27,3.15
2020-02-25,600570,41.65,42.3,42.82,40.37,277496,2781005808.0,5.74,-0.96,-0.41,3.46
2020-02-26,600570,41.57,39.54,41.86,39.44,326645,3174561920.0,5.72,-6.52,-2.76,4.07
2020-02-27,600570,40.14,42.03,43.55,40.14,387240,3868296992.0,8.62,6.3,2.49,4.82
2020-02-28,600570,41.19,40.04,41.86,39.93,302334,2961852224.0,4.59,-4.73,-1.99,3.76
2020-03-02,600570,40.59,40.8,41.78,39.57,255229,2505293152.0,5.52,1.9,0.76,3.18
2020-03-03,600570,41.65,43.15,44.95,41.65,453683,4758206208.0,8.09,5.76,2.35,5.65
2020-03-04,600570,42.96,42.83,44.1,41.24,254260,2611352416.0,6.63,-0.74,-0.32,3.17
2020-03-05,600570,43.63,42.0,43.97,41.23,269626,2734598272.0,6.4,-1.94,-0.83,3.36
2020-03-06,600570,41.14,40.99,41.94,40.86,137330,1360390512.0,2.57,-2.4,-1.01,1.71
2020-03-09,600570,39.87,37.9,39.87,37.71,332827,3095323296.0,5.27,-7.54,-3.09,4.14
2020-03-10,600570,37.85,40.2,40.27,37.85,267181,2514638480.0,6.39,6.07,2.3,3.33
2020-03-11,600570,40.29,38.94,40.51,38.85,150006,1424508112.0,4.13,-3.13,-1.26,1.87
2020-03-12,600570,37.66,37.92,38.61,37.3,194671,1770926672.0,3.36,-2.62,-1.02,2.42
2020-03-13,600570,35.9,38.18,38.56,35.31,234582,2100314880.0,8.57,0.69,0.26,2.92
2020-03-16,600570,38.18,35.31,38.18,35.01,262898,2304730960.0,8.3,-7.52,-2.87,3.27
2020-03-17,600570,35.94,36.16,36.71,34.68,238243,2061743152.0,5.75,2.41,0.85,2.97
2020-03-18,600570,36.7,36.1,37.92,35.72,212321,1890828624.0,6.08,-0.17,-0.06,2.64
2020-03-19,600570,36.25,36.66,37.3,35.34,203155,1778642880.0,5.43,1.55,0.56,2.53
2020-03-20,600570,37.17,36.95,37.42,36.18,135124,1196376608.0,3.38,0.79,0.29,1.68
2020-03-23,600570,35.65,34.83,36.15,34.68,174495,1481568272.0,3.98,-5.74,-2.12,2.17
2020-03-24,600570,35.86,36.26,36.26,35.12,183987,1588531360.0,3.27,4.11,1.43,2.29
2020-03-25,600570,37.19,37.23,37.79,36.96,163053,1465277376.0,2.29,2.68,0.97,2.03
2020-03-26,600570,36.83,37.2,37.76,36.72,114886,1032941408.0,2.79,-0.08,-0.03,1.43
2020-03-27,600570,37.74,37.02,37.83,37.02,100067,901565920.0,2.18,-0.48,-0.18,1.25
2020-03-30,600570,36.32,36.45,36.94,35.82,105623,920830480.0,3.03,-1.54,-0.57,1.32
2020-03-31,600570,37.08,36.54,37.3,36.49,84920,753399600.0,2.22,0.25,0.09,1.06
2020-04-01,600570,36.42,36.06,37.17,35.94,95731,842508608.0,3.37,-1.31,-0.48,1.19
2020-04-02,600570,35.99,37.3,37.3,35.87,117781,1035783104.0,3.97,3.44,1.24,1.47
2020-04-03,600570,37.01,36.66,37.21,36.58,82528,731840512.0,1.69,-1.72,-0.64,1.03
2020-04-07,600570,37.85,38.41,38.85,37.68,176322,1628628592.0,3.19,4.77,1.75,2.2
2020-04-08,600570,38.28,38.23,38.82,38.06,95975,886145504.0,1.98,-0.47,-0.18,1.19
2020-04-09,600570,38.61,38.91,39.73,38.59,125858,1183244512.0,2.98,1.78,0.68,1.57
2020-04-10,600570,38.91,37.88,38.91,37.56,104785,961062000.0,3.47,-2.65,-1.03,1.3
2020-04-13,600570,37.38,37.43,38.05,37.08,77959,702581248.0,2.56,-1.19,-0.45,0.97
2020-04-14,600570,37.83,38.29,38.32,37.68,92065,841398496.0,1.71,2.3,0.86,1.15
2020-04-15,600570,38.61,38.18,38.95,38.15,107358,993512080.0,2.09,-0.29,-0.11,1.34
2020-04-16,600570,38.02,38.98,39.27,37.7,145381,1345214400.0,4.11,2.1,0.8,1.81
2020-04-17,600570,39.52,39.63,40.46,39.5,202041,1942175008.0,2.46,1.67,0.65,2.52
2020-04-20,600570,39.54,40.31,40.66,39.54,118329,1141630048.0,2.83,1.72,0.68,1.47
2020-04-21,600570,40.16,39.81,40.32,39.39,85388,816781888.0,2.31,-1.24,-0.5,1.06
2020-04-22,600570,39.45,40.0,40.13,39.35,70984,678084000.0,1.96,0.48,0.19,0.88
2020-04-23,600570,40.1,39.6,40.36,39.55,58602,560902608.0,2.03,-1.0,-0.4,0.73
2020-04-24,600570,39.65,39.41,39.87,39.16,61196,580179632.0,1.79,-0.48,-0.19,0.76
2020-04-27,600570,40.41,41.65,42.28,40.4,248832,2480015088.0,4.77,5.68,2.24,3.1
2020-04-28,600570,40.81,42.0,42.96,40.35,220879,2209208320.0,6.27,0.84,0.35,2.75
2020-04-29,600570,42.0,41.42,42.15,41.23,76399,764089632.0,2.19,-1.38,-0.58,0.95
2020-04-30,600570,41.69,42.75,43.51,41.69,139850,1442294016.0,4.39,3.21,1.33,1.74
2020-05-06,600570,42.41,43.29,43.55,42.18,118816,1225152960.0,3.2,1.26,0.54,1.48
2020-05-07,600570,43.34,42.92,43.71,42.47,86175,888243728.0,2.86,-0.85,-0.37,1.07
2020-05-08,600570,43.34,43.08,44.32,42.96,98927,1035935664.0,3.17,0.37,0.16,1.23
2020-05-11,600570,43.64,42.7,43.93,42.18,97173,1000311040.0,4.06,-0.88,-0.38,1.21
2020-05-12,600570,42.7,43.54,43.67,42.44,87749,909304464.0,2.88,1.97,0.84,1.09
2020-05-13,600570,43.34,43.76,43.86,42.96,71043,741328480.0,2.07,0.51,0.22,0.88
2020-05-14,600570,43.56,43.61,44.27,43.34,68932,723305392.0,2.13,-0.34,-0.15,0.86
2020-05-15,600570,43.81,43.44,44.56,43.36,83840,882404288.0,2.75,-0.39,-0.17,1.04
2020-05-18,600570,43.42,43.3,43.74,42.49,92623,960424512.0,2.88,-0.32,-0.14,1.15
2020-05-19,600570,44.18,45.2,45.7,43.89,176014,1905091072.0,4.18,4.39,1.9,2.19
2020-05-20,600570,45.24,45.01,46.09,44.69,109076,1186732768.0,3.1,-0.42,-0.19,1.36
2020-05-21,600570,45.03,43.22,45.24,42.83,137758,1453582592.0,5.35,-3.98,-1.79,1.72
2020-05-22,600570,43.34,42.79,44.1,42.44,104534,1082508528.0,3.84,-0.99,-0.43,1.3
2020-05-25,600570,42.79,42.65,43.1,41.82,78392,797915696.0,2.99,-0.33,-0.14,0.98
2020-05-26,600570,43.09,43.89,44.09,43.04,89912,943308848.0,2.46,2.91,1.24,1.12
2020-05-27,600570,43.89,43.29,44.27,43.23,62861,660342224.0,2.37,-1.37,-0.6,0.78
2020-05-28,600570,44.06,43.41,45.24,43.37,138700,1471673168.0,4.32,0.28,0.12,1.73
2020-05-29,600570,43.47,43.89,44.37,43.04,103397,1084013312.0,3.06,1.11,0.48,1.29
2020-06-01,600570,46.09,46.45,46.91,45.24,179365,1990935760.0,3.8,5.83,2.56,2.23
2020-06-02,600570,46.46,45.66,46.72,45.55,81990,901339520.0,2.52,-1.7,-0.79,1.02
2020-06-03,600570,46.03,45.5,46.45,45.16,90360,989529008.0,2.83,-0.35,-0.16,1.13
2020-06-04,600570,45.88,45.5,45.91,44.73,65028,706786208.0,2.59,0.0,0.0,0.81
2020-06-05,600570,45.76,45.69,45.98,44.47,134560,1112373216.0,3.32,0.42,0.19,1.29
2020-06-08,600570,45.77,46.6,47.18,45.76,174100,1486806544.0,3.11,1.99,0.91,1.67
2020-06-09,600570,46.64,46.86,47.31,46.3,107806,926459952.0,2.17,0.56,0.26,1.03
2020-06-10,600570,46.89,48.68,49.2,46.86,176773,1566794768.0,4.99,3.88,1.82,1.69
2020-06-11,600570,48.68,50.11,51.13,48.54,179867,1654659040.0,5.32,2.94,1.43,1.72
2020-06-12,600570,49.11,49.62,50.92,49.08,169266,1559984304.0,3.67,-0.98,-0.49,1.62
2020-06-15,600570,49.81,50.58,51.48,49.81,175933,1640637888.0,3.37,1.93,0.96,1.69
2020-06-16,600570,51.62,51.39,51.89,50.92,115907,1092011936.0,1.92,1.6,0.81,1.11
2020-06-17,600570,51.64,52.0,52.19,50.92,116874,1103472800.0,2.47,1.19,0.61,1.12
2020-06-18,600570,51.97,50.87,52.31,49.06,221586,2055577440.0,6.25,-2.17,-1.13,2.12
2020-06-19,600570,51.08,51.64,52.3,50.95,166301,1581118432.0,2.65,1.51,0.77,1.59
2020-06-22,600570,52.14,53.64,54.26,51.81,179246,1749395232.0,4.74,3.87,2.0,1.72
2020-06-23,600570,53.17,56.2,56.69,52.94,202623,2039126352.0,6.99,4.77,2.56,1.94
2020-06-24,600570,55.93,56.73,57.27,55.66,138681,1433731520.0,2.86,0.94,0.53,1.33
2020-06-29,600570,57.99,56.62,58.29,55.54,161173,1668261568.0,4.85,-0.19,-0.11,1.54
2020-06-30,600570,56.75,58.78,60.6,56.67,251524,2702390000.0,6.94,3.81,2.16,2.41
2020-07-01,600570,58.58,58.39,59.31,56.53,186231,1983250352.0,4.73,-0.66,-0.39,1.78
2020-07-02,600570,58.27,56.89,58.4,56.37,244786,2563498400.0,3.48,-2.57,-1.5,2.34
2020-07-03,600570,56.32,57.82,58.39,55.93,225513,2366921888.0,4.32,1.63,0.93,2.16
2020-07-06,600570,58.29,62.03,62.78,58.29,291184,3255318976.0,7.77,7.28,4.21,2.79
2020-07-07,600570,62.79,63.89,65.68,62.79,267492,3168249136.0,4.66,3.0,1.86,2.56
2020-07-08,600570,64.04,65.82,66.76,63.2,213849,2550201472.0,5.57,3.02,1.93,2.05
2020-07-09,600570,65.54,65.26,66.86,64.99,219509,2644870816.0,2.84,-0.85,-0.56,2.1
2020-07-10,600570,64.44,63.95,65.0,63.08,205063,2403696208.0,2.94,-2.01,-1.31,1.96
2020-07-13,600570,63.73,64.83,65.36,63.67,181595,2150532160.0,2.64,1.38,0.88,1.74
2020-07-14,600570,64.45,63.36,64.82,61.77,224001,2594741488.0,4.7,-2.27,-1.47,2.15
2020-07-15,600570,64.17,63.07,65.42,62.79,199260,2343114048.0,4.15,-0.46,-0.29,1.91
2020-07-16,600570,63.78,58.29,65.26,58.09,354534,3982514800.0,11.37,-7.58,-4.78,3.4
2020-07-17,600570,57.86,56.39,59.43,54.22,346403,3611655120.0,8.94,-3.26,-1.9,3.32
2020-07-20,600570,58.6,58.07,58.72,56.04,198755,2096422368.0,4.75,2.98,1.68,1.9
2020-07-21,600570,63.34,58.59,63.34,57.34,520648,5744684032.0,10.33,0.9,0.52,4.99
2020-07-22,600570,56.92,58.47,60.1,56.92,272432,2922748816.0,5.43,-0.2,-0.12,2.61
2020-07-23,600570,57.42,57.79,59.27,56.26,238343,2520393488.0,5.15,-1.16,-0.68,2.28
2020-07-24,600570,57.62,55.82,58.87,55.09,268173,2807914256.0,6.54,-3.41,-1.97,2.57
2020-07-27,600570,56.11,57.85,58.33,55.89,201349,2122234496.0,4.37,3.64,2.03,1.93
2020-07-28,600570,59.11,58.13,59.59,57.46,138679,1477128800.0,3.68,0.48,0.28,1.33
2020-07-29,600570,57.36,59.69,59.82,57.34,190208,2064154496.0,4.27,2.68,1.56,1.82
2020-07-30,600570,59.72,58.46,60.01,58.34,143159,1546022016.0,2.8,-2.06,-1.23,1.37
2020-07-31,600570,58.23,59.79,60.87,58.23,171091,1873044912.0,4.52,2.28,1.33,1.64
2020-08-03,600570,60.05,60.03,60.31,59.22,151817,1663795232.0,1.82,0.4,0.24,1.45
2020-08-04,600570,60.43,58.92,60.48,58.58,146376,1589020480.0,3.17,-1.85,-1.11,1.4
2020-08-05,600570,59.56,60.36,60.92,58.95,167674,1850371392.0,3.34,2.44,1.44,1.61
2020-08-06,600570,60.16,60.14,60.36,59.05,122315,1336508320.0,2.17,-0.36,-0.22,1.17
2020-08-07,600570,60.14,57.95,60.32,56.36,182476,1939466080.0,6.58,-3.64,-2.19,1.75
2020-08-10,600570,57.33,56.99,57.9,55.65,149718,1555749616.0,3.88,-1.66,-0.96,1.43
2020-08-11,600570,57.36,55.75,57.85,55.65,127461,1328085280.0,3.86,-2.18,-1.24,1.22
2020-08-12,600570,55.65,53.81,55.65,52.63,233548,2305187984.0,5.42,-3.48,-1.94,2.24
2020-08-13,600570,55.03,54.36,55.95,54.2,121798,1223192640.0,3.25,1.02,0.55,1.17
2020-08-14,600570,54.86,56.26,56.48,54.18,139223,1415984080.0,4.23,3.5,1.9,1.33
2020-08-17,600570,57.03,56.86,58.29,56.81,170856,1800079568.0,2.63,1.07,0.6,1.64
2020-08-18,600570,56.65,57.33,57.4,56.23,121101,1261155200.0,2.06,0.83,0.47,1.16
2020-08-19,600570,56.94,55.34,57.12,55.1,116838,1192318640.0,3.52,-3.47,-1.99,1.12
2020-08-20,600570,54.45,55.16,55.82,54.14,87303,882025520.0,3.04,-0.33,-0.18,0.84
2020-08-21,600570,54.61,54.89,55.77,54.39,113199,1139994064.0,2.5,-0.49,-0.27,1.08
2020-08-24,600570,55.1,56.14,56.76,55.1,116744,1202575968.0,3.02,2.28,1.25,1.12
2020-08-25,600570,56.08,58.41,59.83,56.04,237558,2556096736.0,6.75,4.04,2.27,2.28
2020-08-26,600570,59.32,58.18,59.87,57.58,158090,1702508704.0,3.92,-0.39,-0.23,1.51
2020-08-27,600570,57.85,59.25,60.13,57.85,176524,1919201312.0,3.92,1.84,1.07,1.69
2020-08-28,600570,59.29,62.38,62.52,58.54,220558,2458075888.0,6.72,5.28,3.13,2.11
2020-08-31,600570,62.52,60.84,62.79,60.64,156862,1766927360.0,3.45,-2.47,-1.54,1.5
2020-09-01,600570,60.88,60.93,61.69,60.39,103204,1153199248.0,2.14,0.15,0.09,0.99
2020-09-02,600570,61.01,60.31,61.42,60.05,97415,1079894576.0,2.25,-1.02,-0.62,0.93
2020-09-03,600570,60.31,59.5,60.6,59.25,88816,973105072.0,2.24,-1.34,-0.81,0.85
2020-09-04,600570,58.27,58.12,58.94,57.34,135888,1443141216.0,2.69,-2.32,-1.38,1.3
2020-09-07,600570,57.96,56.15,58.78,56.03,132255,1391971056.0,4.73,-3.39,-1.97,1.27
2020-09-08,600570,56.74,56.49,57.31,55.65,92254,955224224.0,2.96,0.61,0.34,0.88
2020-09-09,600570,55.65,55.02,56.22,54.29,105949,1072903344.0,3.42,-2.6,-1.47,1.01
2020-09-10,600570,55.24,55.12,56.73,54.92,100194,1026479568.0,3.29,0.18,0.1,0.96
2020-09-11,600570,55.14,55.33,55.87,54.17,91652,925722112.0,3.08,0.38,0.21,0.88
2020-09-14,600570,55.68,55.76,55.93,54.92,76491,778296336.0,1.83,0.78,0.43,0.73
2020-09-15,600570,55.7,54.83,55.87,53.98,114142,1142800864.0,3.39,-1.67,-0.93,1.09
2020-09-16,600570,54.61,51.83,54.83,51.38,255138,2453798096.0,6.29,-5.47,-3.0,2.44
2020-09-17,600570,52.08,52.28,52.89,50.13,157139,1485785552.0,5.33,0.87,0.45,1.51
2020-09-18,600570,52.23,54.26,54.55,51.92,140712,1375452912.0,5.03,3.79,1.98,1.35
2020-09-21,600570,54.55,53.77,54.81,53.39,102459,1012701056.0,2.62,-0.9,-0.49,0.98
2020-09-22,600570,53.4,53.55,54.55,53.23,67316,664910736.0,2.45,-0.41,-0.22,0.64
2020-09-23,600570,53.55,53.51,53.94,52.63,75259,736332608.0,2.45,-0.07,-0.04,0.72
2020-09-24,600570,53.45,52.28,53.45,52.08,73529,708181888.0,2.56,-2.3,-1.23,0.7
2020-09-25,600570,52.9,53.15,53.56,52.57,63924,622922400.0,1.89,1.66,0.87,0.61
2020-09-28,600570,53.55,53.69,55.05,53.45,74762,740079584.0,3.01,1.02,0.54,0.72
2020-09-29,600570,54.34,53.69,54.79,53.62,70120,695978864.0,2.18,0.0,0.0,0.67
2020-09-30,600570,53.73,53.78,54.19,53.33,62244,613852592.0,1.6,0.17,0.09,0.6
2020-10-09,600570,54.64,54.57,55.47,54.28,92827,931560960.0,2.21,1.47,0.79,0.89
2020-10-12,600570,54.98,56.33,56.42,54.98,152754,1564486320.0,2.64,3.23,1.76,1.46
2020-10-13,600570,56.12,57.25,57.29,55.88,105968,1097940352.0,2.5,1.63,0.92,1.01
2020-10-14,600570,56.75,54.83,56.92,54.55,122701,1249636800.0,4.14,-4.23,-2.42,1.18
2020-10-15,600570,54.55,52.69,54.82,50.16,423467,4000616480.0,8.5,-3.9,-2.14,4.06
2020-10-16,600570,52.19,52.75,53.06,51.75,125167,1204179328.0,2.49,0.11,0.06,1.2
2020-10-19,600570,52.93,52.36,54.07,52.03,94619,919521760.0,3.87,-0.74,-0.39,0.91
2020-10-20,600570,52.36,52.78,52.97,51.96,56182,542712992.0,1.93,0.8,0.42,0.54
2020-10-21,600570,52.9,52.37,53.07,52.13,67476,648777792.0,1.78,-0.78,-0.41,0.65
2020-10-22,600570,52.25,53.26,53.77,51.56,112800,1098114176.0,4.22,1.7,0.89,1.08
2020-10-23,600570,53.2,52.01,54.15,51.81,96202,933044256.0,4.39,-2.35,-1.25,0.92
2020-10-26,600570,52.0,49.58,52.0,49.04,219183,2002985360.0,5.69,-4.67,-2.43,2.1
2020-10-27,600570,49.62,49.76,49.94,48.95,103871,943040496.0,2.0,0.36,0.18,0.99
2020-10-28,600570,49.99,50.76,51.06,49.28,126104,1160765440.0,3.58,2.01,1.0,1.21
2020-10-29,600570,49.88,49.96,50.37,49.27,98352,900090160.0,2.17,-1.58,-0.8,0.94
2020-10-30,600570,49.61,50.67,51.8,48.95,209087,1939210800.0,5.7,1.42,0.71,2.0
2020-11-02,600570,50.27,47.96,50.35,46.47,353243,3108437840.0,7.66,-5.35,-2.71,3.38
2020-11-03,600570,47.96,49.25,49.32,47.18,183229,1629445312.0,4.46,2.69,1.29,1.75
2020-11-04,600570,47.41,48.01,49.0,46.78,182546,1612289936.0,4.51,-2.52,-1.24,1.75
2020-11-05,600570,48.78,50.79,51.14,48.23,270233,2472491776.0,6.06,5.79,2.78,2.59
2020-11-06,600570,51.66,50.49,51.81,50.08,127255,1186614288.0,3.41,-0.59,-0.3,1.22
2020-11-09,600570,50.8,51.31,52.23,50.49,171617,1617236688.0,3.45,1.62,0.82,1.64
2020-11-10,600570,51.29,51.62,52.28,51.11,119929,1138960384.0,2.28,0.6,0.31,1.15
2020-11-11,600570,51.42,48.6,51.45,48.39,199239,1799836544.0,5.93,-5.85,-3.02,1.91
2020-11-12,600570,48.6,48.44,49.17,48.4,81080,724759200.0,1.58,-0.33,-0.16,0.78
2020-11-13,600570,48.17,48.33,48.93,47.69,79961,709789600.0,2.56,-0.23,-0.11,0.77
2020-11-16,600570,48.38,51.04,51.37,47.89,180794,1659117184.0,7.2,5.61,2.71,1.73
2020-11-17,600570,51.15,50.57,51.8,50.16,117683,1099804688.0,3.21,-0.92,-0.47,1.13
2020-11-18,600570,50.15,49.22,50.43,49.06,97742,886935504.0,2.71,-2.67,-1.35,0.94
2020-11-19,600570,48.83,50.27,50.39,48.51,78416,715270528.0,3.82,2.13,1.05,0.75
2020-11-20,600570,50.16,49.44,50.43,49.19,85406,776443072.0,2.47,-1.65,-0.83,0.82
2020-11-23,600570,49.44,49.08,49.77,48.95,101720,919780752.0,1.66,-0.73,-0.36,0.97
2020-11-24,600570,49.08,48.06,49.08,47.94,117600,1042261312.0,2.32,-2.08,-1.02,1.13
2020-11-25,600570,48.04,46.58,48.34,46.52,135443,1172365024.0,3.79,-3.08,-1.48,1.3
2020-11-26,600570,46.48,46.54,46.85,45.48,110496,936992592.0,2.94,-0.09,-0.04,1.06
2020-11-27,600570,46.59,46.72,47.41,46.07,77855,667648480.0,2.88,0.39,0.18,0.75
2020-11-30,600570,47.18,48.2,49.11,46.96,188944,1671421728.0,4.6,3.17,1.48,1.81
2020-12-01,600570,47.96,49.14,49.22,47.52,119538,1063465376.0,3.53,1.95,0.94,1.14
2020-12-02,600570,49.17,49.43,49.98,48.97,132609,1204599984.0,2.06,0.59,0.29,1.27
2020-12-03,600570,50.04,50.81,51.07,49.76,136402,1268733184.0,2.65,2.79,1.38,1.31
2020-12-04,600570,50.71,51.42,51.44,50.16,103958,972273120.0,2.52,1.2,0.61,1.0
2020-12-07,600570,51.39,52.84,53.17,51.26,161906,1562946800.0,3.71,2.76,1.42,1.55
2020-12-08,600570,53.26,53.54,54.53,52.19,151749,1487759360.0,4.43,1.32,0.7,1.45
2020-12-09,600570,55.08,55.91,57.59,55.05,316072,3272753984.0,4.74,4.43,2.37,3.03
2020-12-10,600570,55.6,55.98,56.56,54.73,133020,1360892208.0,3.27,0.13,0.07,1.27
2020-12-11,600570,56.44,54.55,56.61,54.55,146269,1482557808.0,3.68,-2.55,-1.43,1.4
2020-12-14,600570,55.11,55.84,56.36,54.94,108730,1110026128.0,2.6,2.36,1.29,1.04
2020-12-15,600570,55.64,55.26,56.25,54.92,91934,936508592.0,2.38,-1.04,-0.58,0.88
2020-12-16,600570,55.05,54.71,55.94,54.53,93991,949656240.0,2.55,-1.0,-0.55,0.9
2020-12-17,600570,55.2,55.21,55.92,53.88,106154,1068938304.0,3.73,0.91,0.5,1.02
2020-12-18,600570,55.65,55.32,55.89,54.83,74886,758003952.0,1.92,0.2,0.11,0.72
2020-12-21,600570,54.97,54.55,55.65,53.33,110254,1101207840.0,4.19,-1.39,-0.77,1.06
2020-12-22,600570,54.55,52.25,54.99,52.25,143889,1410525424.0,5.02,-4.22,-2.3,1.38
2020-12-23,600570,53.16,53.63,53.99,52.11,95867,933650016.0,3.6,2.64,1.38,0.92
2020-12-24,600570,52.96,50.08,53.25,49.67,185409,1737377296.0,6.68,-6.62,-3.55,1.78
2020-12-25,600570,49.88,51.26,51.47,49.62,117118,1090185936.0,3.69,2.36,1.18,1.12
2020-12-28,600570,51.53,50.71,52.58,50.65,111290,1051233920.0,3.77,-1.07,-0.55,1.07
2020-12-29,600570,51.48,51.36,51.92,50.95,104102,984025888.0,1.91,1.28,0.65,1.0
2020-12-30,600570,50.98,55.24,55.65,50.87,185896,1836136768.0,9.31,7.55,3.88,1.78
2020-12-31,600570,56.14,57.25,57.3,55.85,182603,1902681776.0,2.62,3.64,2.01,1.75
2021-01-04,600570,57.81,57.94,58.66,56.86,138877,1476688352.0,3.14,1.21,0.69,1.33
2021-01-05,600570,57.59,59.83,60.37,57.47,151787,1656565280.0,5.01,3.26,1.89,1.45
2021-01-06,600570,59.43,56.31,59.85,55.66,278792,2913842224.0,7.0,-5.88,-3.52,2.67
2021-01-07,600570,56.31,53.54,56.69,52.14,412598,4073574960.0,8.08,-4.92,-2.77,3.95
2021-01-08,600570,53.6,54.28,54.58,52.49,240747,2372453696.0,3.9,1.38,0.74,2.31
2021-01-11,600570,54.22,52.94,54.8,52.67,189523,1864093312.0,3.92,-2.47,-1.34,1.82
2021-01-12,600570,52.8,55.1,55.65,52.25,214039,2121027760.0,6.42,4.08,2.16,2.05
2021-01-13,600570,55.1,51.81,55.1,51.48,306105,2960530528.0,6.57,-5.97,-3.29,2.93
2021-01-14,600570,51.79,52.25,53.59,51.26,167410,1621027984.0,4.5,0.85,0.44,1.6
2021-01-15,600570,52.9,52.13,53.62,51.05,155416,1492513792.0,4.92,-0.23,-0.12,1.49
2021-01-18,600570,51.9,52.9,53.48,51.41,180871,1749226384.0,3.97,1.48,0.77,1.73
2021-01-19,600570,52.8,53.18,54.47,52.42,155832,1523824208.0,3.88,0.53,0.28,1.49
2021-01-20,600570,53.23,53.89,54.49,52.26,150035,1467656752.0,4.19,1.34,0.71,1.44
2021-01-21,600570,54.0,55.65,55.86,53.05,204277,2050068112.0,5.21,3.27,1.76,1.96
2021-01-22,600570,55.11,54.43,56.14,54.28,164463,1658852304.0,3.34,-2.19,-1.22,1.58
2021-01-25,600570,53.99,52.28,54.06,52.24,223547,2166330960.0,3.34,-3.95,-2.15,2.14
2021-01-26,600570,52.28,50.93,52.9,50.87,170324,1614121680.0,3.88,-2.58,-1.35,1.63
2021-01-27,600570,50.93,52.17,52.63,50.49,145967,1383675168.0,4.2,2.43,1.24,1.4
2021-01-28,600570,51.48,51.43,52.75,51.32,103799,990019216.0,2.74,-1.42,-0.74,0.99
2021-01-29,600570,52.19,52.98,54.99,52.08,212391,2086304656.0,5.66,3.01,1.55,2.03
2021-02-01,600570,53.82,56.32,56.33,53.55,258707,2628211536.0,5.25,6.3,3.34,2.48
2021-02-02,600570,56.86,58.86,59.28,56.86,220706,2361432384.0,4.3,4.51,2.54,2.11
2021-02-03,600570,58.02,57.79,59.0,57.47,127337,1358650720.0,2.6,-1.82,-1.07,1.22
2021-02-04,600570,57.36,56.48,57.5,55.09,157446,1619304592.0,4.17,-2.27,-1.31,1.51
2021-02-05,600570,56.2,54.14,56.64,54.05,140476,1415763008.0,4.59,-4.14,-2.34,1.35
2021-02-08,600570,55.84,55.79,56.48,54.62,117235,1196021744.0,3.44,3.05,1.65,1.12
2021-02-09,600570,56.42,57.66,58.22,56.04,137013,1438720064.0,3.91,3.35,1.87,1.31
2021-02-10,600570,57.3,58.04,58.77,57.11,122582,1303749088.0,2.88,0.66,0.38,1.17
2021-02-18,600570,59.79,55.5,59.99,55.38,155239,1619403872.0,7.94,-4.38,-2.54,1.49
2021-02-19,600570,55.09,53.35,55.6,51.95,190255,1861423456.0,6.58,-3.87,-2.15,1.82
2021-02-22,600570,53.55,52.62,55.5,52.36,170089,1677268048.0,5.89,-1.37,-0.73,1.63
2021-02-23,600570,52.46,52.28,53.34,52.08,122025,1177493312.0,2.39,-0.65,-0.34,1.17
2021-02-24,600570,52.44,50.82,52.79,50.16,211474,1976314736.0,5.03,-2.79,-1.46,2.03
2021-02-25,600570,51.22,49.88,51.33,49.76,121903,1123034864.0,3.09,-1.85,-0.94,1.17
2021-02-26,600570,48.45,47.63,49.0,46.86,213754,1876206240.0,4.29,-4.51,-2.25,2.05
2021-03-01,600570,48.67,49.26,49.33,47.59,146471,1302970800.0,3.65,3.42,1.63,1.4
2021-03-02,600570,49.91,49.43,50.6,49.11,128477,1173710912.0,3.02,0.35,0.17,1.23
2021-03-03,600570,49.06,50.35,50.7,48.43,97582,893312000.0,4.59,1.86,0.92,0.93
2021-03-04,600570,49.99,47.94,50.12,47.65,132949,1183048624.0,4.91,-4.79,-2.41,1.27
2021-03-05,600570,47.22,48.54,49.06,47.14,85616,759999440.0,4.01,1.25,0.6,0.82
2021-03-08,600570,49.09,46.06,49.22,45.38,164125,1410125488.0,7.91,-5.11,-2.48,1.57
2021-03-09,600570,45.95,46.48,47.41,45.28,119771,1024835328.0,4.62,0.91,0.42,1.15
2021-03-10,600570,47.03,46.19,47.89,45.76,94636,811565680.0,4.58,-0.62,-0.29,0.91
2021-03-11,600570,46.37,46.77,47.16,45.98,70951,607240080.0,2.55,1.26,0.58,0.68
2021-03-12,600570,47.3,47.85,47.88,46.2,105579,911176688.0,3.59,2.31,1.08,1.01
2021-03-15,600570,46.61,47.79,48.17,46.61,95529,833012640.0,3.26,-0.13,-0.06,0.91
2021-03-16,600570,47.39,46.71,48.18,46.1,109014,935647792.0,4.35,-2.26,-1.08,1.04
2021-03-17,600570,46.64,48.78,48.83,45.76,119076,1044524672.0,6.57,4.43,2.07,1.14
2021-03-18,600570,49.05,48.51,49.28,48.14,100816,899213616.0,2.34,-0.55,-0.27,0.97
2021-03-19,600570,47.93,46.32,47.93,46.31,145163,1243924640.0,3.34,-4.51,-2.19,1.39
2021-03-22,600570,46.5,47.62,47.89,46.38,72904,632357280.0,3.26,2.81,1.3,0.7
2021-03-23,600570,47.37,45.98,47.9,45.64,125449,1066357952.0,4.75,-3.44,-1.64,1.2
2021-03-24,600570,46.04,45.09,46.27,44.83,86955,727091584.0,3.13,-1.94,-0.89,0.83
2021-03-25,600570,44.9,45.08,45.87,43.64,86696,715383024.0,4.95,-0.02,-0.01,0.83
2021-03-26,600570,44.9,46.06,46.59,44.89,85004,717176944.0,3.77,2.17,0.98,0.81
2021-03-29,600570,46.35,44.83,46.37,44.39,129245,1071676720.0,4.3,-2.67,-1.23,1.24
2021-03-30,600570,44.83,45.39,45.97,44.72,102102,850736000.0,2.79,1.25,0.56,0.98
2021-03-31,600570,45.25,45.76,45.99,44.99,65910,550882128.0,2.2,0.82,0.37,0.63
2021-04-01,600570,45.6,46.09,46.19,45.47,62435,526156288.0,1.57,0.72,0.33,0.6
2021-04-02,600570,46.2,46.19,46.55,45.88,60688,514468496.0,1.45,0.22,0.1,0.58
2021-04-06,600570,46.2,46.86,46.98,45.65,62214,527741904.0,2.88,1.45,0.67,0.6
2021-04-07,600570,46.56,45.95,46.64,45.11,87343,731721664.0,3.27,-1.94,-0.91,0.84
2021-04-08,600570,45.74,45.87,46.44,45.38,71271,602894336.0,2.31,-0.17,-0.08,0.68
2021-04-09,600570,46.31,45.12,46.31,44.57,71577,592501312.0,3.79,-1.64,-0.75,0.69
2021-04-12,600570,44.6,44.54,45.32,43.64,104127,844616384.0,3.72,-1.29,-0.58,1.0
2021-04-13,600570,44.28,44.16,44.74,43.87,65773,534633744.0,1.95,-0.85,-0.38,0.63
2021-04-14,600570,44.17,44.77,44.99,43.79,72084,590256016.0,2.72,1.38,0.61,0.69
2021-04-15,600570,44.76,45.04,45.16,44.44,39672,326649616.0,1.61,0.6,0.27,0.38
2021-04-16,600570,45.2,44.83,45.75,44.67,49650,411094016.0,2.4,-0.47,-0.21,0.48
2021-04-19,600570,44.94,47.12,47.28,44.94,135324,1156197904.0,5.22,5.11,2.29,1.3
2021-04-20,600570,47.11,47.79,49.55,47.11,154090,1374354560.0,5.18,1.42,0.67,1.48
2021-04-21,600570,47.6,47.15,48.05,46.63,74653,645687184.0,2.97,-1.34,-0.64,0.72
2021-04-22,600570,47.42,48.21,48.66,47.25,87750,774293264.0,2.99,2.25,1.06,0.84
2021-04-23,600570,47.96,48.12,48.58,47.64,57959,511575408.0,1.95,-0.19,-0.09,0.56
2021-04-26,600570,48.18,47.31,49.04,47.1,77311,681158512.0,4.03,-1.68,-0.81,0.74
2021-04-27,600570,48.15,49.22,49.65,48.09,156721,1409378320.0,3.3,4.04,1.91,1.5
2021-04-28,600570,49.06,50.9,50.93,48.35,176873,1627013408.0,5.24,3.41,1.68,1.69
2021-04-29,600570,50.62,51.57,51.63,49.39,150885,1404003840.0,4.4,1.32,0.67,1.45
2021-04-30,600570,51.26,50.1,51.55,50.04,78159,726388640.0,2.93,-2.85,-1.47,0.75
2021-05-06,600570,50.05,49.08,50.05,48.23,72125,648669040.0,3.63,-2.04,-1.02,0.69
2021-05-07,600570,49.07,47.41,49.31,47.24,74691,659031136.0,4.22,-3.4,-1.67,0.72
2021-05-10,600570,47.69,46.59,48.08,46.14,68278,587882752.0,4.09,-1.73,-0.82,0.65
2021-05-11,600570,46.1,46.33,46.48,45.61,62854,531968656.0,1.87,-0.56,-0.26,0.6
2021-05-12,600570,46.19,46.48,46.62,45.59,59225,501295616.0,2.22,0.32,0.15,0.57
2021-05-13,600570,46.2,45.82,46.31,45.53,50663,426168080.0,1.68,-1.42,-0.66,0.49
2021-05-14,600570,45.7,47.57,47.72,45.44,100855,866975152.0,4.98,3.82,1.75,0.97
2021-05-17,600570,47.09,48.35,49.55,47.04,99531,889447584.0,5.28,1.64,0.78,0.95
2021-05-18,600570,48.34,48.51,48.8,47.49,51560,456743344.0,2.71,0.33,0.16,0.49
2021-05-19,600570,48.51,48.95,49.15,47.39,78192,694774544.0,3.63,0.91,0.44,0.75
2021-05-20,600570,48.95,50.2,50.71,48.56,104332,959018432.0,4.39,2.55,1.25,1.0
2021-05-21,600570,50.37,48.51,50.65,48.23,81014,728389808.0,4.82,-3.37,-1.69,0.78
2021-05-24,600570,49.05,50.08,50.16,48.82,78865,719780416.0,2.76,3.24,1.57,0.76
2021-05-25,600570,50.08,53.73,53.89,49.72,210197,2029343312.0,8.33,7.29,3.65,2.01
2021-05-26,600570,53.98,53.0,54.87,52.63,131376,1289797744.0,4.17,-1.36,-0.73,1.26
2021-05-27,600570,52.96,51.85,53.4,51.35,135298,1288482768.0,3.87,-2.17,-1.15,1.3
2021-05-28,600570,51.58,51.09,51.81,50.26,121244,1134702720.0,2.99,-1.47,-0.76,1.16
2021-05-31,600570,51.07,51.19,51.42,50.43,121745,1137104512.0,1.94,0.2,0.1,1.17
2021-06-01,600570,50.72,50.05,51.25,49.6,130513,1199711248.0,3.22,-2.23,-1.14,1.25
2021-06-02,600570,50.22,48.61,50.32,48.29,159206,1426204576.0,4.06,-2.88,-1.44,1.52
2021-06-03,600570,48.78,47.83,48.95,47.73,113837,1008254624.0,2.51,-1.6,-0.78,1.09
2021-06-04,600570,47.69,47.89,48.7,47.41,126589,1114265792.0,2.7,0.13,0.06,1.21
2021-06-07,600570,47.95,48.33,48.44,47.63,105227,927593120.0,1.69,0.92,0.44,1.01
2021-06-08,600570,48.45,48.62,48.78,47.88,100293,890811840.0,1.86,0.6,0.29,0.96
2021-06-09,600570,48.51,48.51,48.93,48.11,71735,637030704.0,1.69,-0.23,-0.11,0.69
2021-06-10,600570,47.89,48.49,48.95,47.89,111616,991675344.0,2.19,-0.04,-0.02,1.07
2021-06-11,600570,48.49,47.85,49.05,47.34,129369,1139464944.0,3.53,-1.32,-0.64,1.24
2021-06-15,600570,47.43,49.39,49.61,47.33,172746,1542699936.0,4.76,3.22,1.54,1.65
2021-06-16,600570,49.06,48.26,50.09,47.97,127703,1151427120.0,4.29,-2.29,-1.13,1.22
2021-06-17,600570,47.9,48.23,48.91,47.79,76628,678088992.0,2.32,-0.06,-0.03,0.73
2021-06-18,600570,48.12,46.64,48.7,46.23,171412,1479990272.0,5.12,-3.3,-1.59,1.64
2021-06-21,600570,46.64,47.5,48.39,46.38,173542,1506892688.0,4.31,1.84,0.86,1.66
2021-06-22,600570,47.42,48.5,49.2,46.92,129173,1141557184.0,4.8,2.11,1.0,1.24
2021-06-23,600570,48.5,47.65,48.64,47.41,115266,1011052032.0,2.54,-1.75,-0.85,1.1
2021-06-24,600570,47.77,46.93,47.89,46.86,77695,672308512.0,2.16,-1.51,-0.72,0.74
2021-06-25,600570,46.93,47.45,47.65,46.53,100097,863676912.0,2.39,1.11,0.52,0.96
2021-06-28,600570,47.54,47.54,47.79,46.81,90471,786933440.0,2.07,0.19,0.09,0.87
2021-06-29,600570,47.93,50.5,50.64,47.93,315034,2884815648.0,5.7,6.23,2.96,3.02
2021-06-30,600570,50.11,50.84,51.37,49.61,155502,1444776048.0,3.49,0.67,0.34,1.49
2021-07-01,600570,50.87,50.56,51.16,49.58,126765,1172748032.0,3.11,-0.55,-0.28,1.21
2021-07-02,600570,50.16,49.51,50.16,49.39,115329,1050190192.0,1.52,-2.08,-1.05,1.1
2021-07-05,600570,48.5,46.81,48.5,46.43,299602,2586785856.0,4.18,-5.45,-2.7,2.87
2021-07-06,600570,46.81,46.43,47.26,46.04,118351,1010022336.0,2.61,-0.81,-0.38,1.13
2021-07-07,600570,46.53,45.97,46.59,45.7,123979,1045755808.0,1.92,-0.99,-0.46,1.19
2021-07-08,600570,46.09,45.91,46.34,45.71,119317,1007000576.0,1.37,-0.13,-0.06,1.14
2021-07-09,600570,45.79,45.81,45.92,44.88,118746,988996976.0,2.27,-0.22,-0.1,1.14
2021-07-12,600570,46.15,46.58,46.78,45.86,133179,1132011984.0,2.01,1.68,0.77,1.28
2021-07-13,600570,46.64,47.19,47.37,46.42,91489,791313600.0,2.04,1.31,0.61,0.88
2021-07-14,600570,47.37,47.23,47.89,46.64,89505,775355808.0,2.65,0.08,0.04,0.86
2021-07-15,600570,46.86,47.14,47.4,46.44,65081,561457360.0,2.03,-0.19,-0.09,0.62
2021-07-16,600570,48.51,48.19,50.03,47.67,169763,1090295392.0,5.01,2.23,1.05,1.16
2021-07-19,600570,47.36,46.99,47.38,45.86,141041,860367616.0,3.15,-2.49,-1.2,0.97
2021-07-20,600570,46.97,46.99,46.99,46.43,78196,477962496.0,1.19,0.0,0.0,0.54
2021-07-21,600570,47.12,47.96,48.76,47.07,161241,1014337616.0,3.6,2.06,0.97,1.1
2021-07-22,600570,48.28,47.76,48.65,47.66,124977,785837280.0,2.06,-0.42,-0.2,0.86
2021-07-23,600570,47.7,46.17,48.1,45.92,167233,1019467872.0,4.56,-3.33,-1.59,1.14
2021-07-26,600570,45.97,44.8,46.51,43.97,170925,1015465744.0,5.5,-2.97,-1.37,1.17
2021-07-27,600570,45.13,40.59,45.26,40.29,439405,2383793024.0,11.09,-9.4,-4.21,3.01
2021-07-28,600570,39.82,40.04,40.82,39.02,244170,1281327456.0,4.43,-1.36,-0.55,1.67
2021-07-29,600570,40.86,40.95,41.68,40.65,164231,885434368.0,2.57,2.27,0.91,1.12
2021-07-30,600570,40.89,42.52,42.6,40.27,157915,858648784.0,5.69,3.83,1.57,1.08
2021-08-02,600570,41.93,42.07,43.34,41.55,170600,947149184.0,4.21,-1.06,-0.45,1.17
2021-08-03,600570,42.49,42.09,42.59,41.66,118735,656576560.0,2.21,0.05,0.02,0.81
2021-08-04,600570,42.41,42.2,42.69,41.88,99065,547074176.0,1.92,0.26,0.11,0.68
2021-08-05,600570,42.16,40.91,42.16,40.52,150328,810613056.0,3.89,-3.06,-1.29,1.03
2021-08-06,600570,40.92,39.83,41.15,39.43,201209,1052804432.0,4.2,-2.64,-1.08,1.38
2021-08-09,600570,39.43,41.52,41.6,39.42,162459,873445344.0,5.47,4.24,1.69,1.11
2021-08-10,600570,41.16,41.45,41.58,40.59,96613,521027808.0,2.38,-0.17,-0.07,0.66
2021-08-11,600570,41.21,40.88,41.61,40.7,137693,739244736.0,2.2,-1.38,-0.57,0.94
2021-08-12,600570,40.74,40.31,41.29,40.12,139751,742405520.0,2.86,-1.39,-0.57,0.96
2021-08-13,600570,40.28,39.23,40.53,39.16,177814,921399680.0,3.4,-2.68,-1.08,1.22
2021-08-16,600570,39.12,39.43,39.79,38.8,128929,663060960.0,2.52,0.51,0.2,0.88
2021-08-17,600570,39.5,38.92,39.58,38.04,184080,938699728.0,3.91,-1.29,-0.51,1.26
2021-08-18,600570,38.62,40.47,41.19,38.19,303067,1593880720.0,7.71,3.98,1.55,2.07
2021-08-19,600570,40.65,42.56,43.11,40.65,384108,2129370928.0,6.08,5.16,2.09,2.63
2021-08-20,600570,42.36,40.81,42.73,39.89,220385,1187617824.0,6.67,-4.11,-1.75,1.51
2021-08-23,600570,40.62,42.22,43.34,40.62,248854,1383923664.0,6.67,3.46,1.41,1.7
2021-08-24,600570,42.63,42.49,43.19,41.78,180261,1001956480.0,3.34,0.64,0.27,1.23
2021-08-25,600570,42.65,43.48,43.89,42.43,190854,1086170112.0,3.44,2.33,0.99,1.31
2021-08-26,600570,43.43,41.39,43.43,41.18,211045,1157460816.0,5.17,-4.81,-2.09,1.44
2021-08-27,600570,41.32,39.78,41.36,39.43,233780,1226211168.0,4.66,-3.89,-1.61,1.6
2021-08-30,600570,39.43,38.12,39.68,36.91,286714,1438697056.0,6.96,-4.17,-1.66,1.96
2021-08-31,600570,37.74,37.79,38.22,36.71,200282,984229408.0,3.96,-0.87,-0.33,1.37
2021-09-01,600570,38.07,38.34,38.97,36.97,272679,1363265888.0,5.29,1.46,0.55,1.87
2021-09-02,600570,38.51,37.41,39.26,37.19,274213,1358953536.0,5.4,-2.43,-0.93,1.88
2021-09-03,600570,40.43,41.19,41.19,40.38,331924,1786605216.0,2.17,10.1,3.78,2.27
2021-09-06,600570,43.12,44.68,45.11,41.19,704431,4030612480.0,9.52,8.47,3.49,4.82
2021-09-07,600570,45.82,45.33,46.05,44.74,439808,2613153792.0,2.93,1.45,0.65,3.01
2021-09-08,600570,45.82,45.81,47.15,44.94,399609,2414569072.0,4.88,1.06,0.48,2.73
2021-09-09,600570,45.05,42.82,45.64,42.63,387734,2218239904.0,6.57,-6.53,-2.99,2.65
2021-09-10,600570,43.46,43.3,44.7,42.88,393119,2244240704.0,4.25,1.12,0.48,2.69
2021-09-13,600570,43.55,43.99,45.39,42.65,375238,2167308496.0,6.33,1.59,0.69,2.57
2021-09-14,600570,44.51,42.03,44.51,41.89,336353,1882326672.0,5.96,-4.46,-1.96,2.3
2021-09-15,600570,42.05,41.54,42.36,40.74,182048,987024064.0,3.85,-1.17,-0.49,1.25
2021-09-16,600570,41.05,40.89,41.4,40.6,140967,756392704.0,1.93,-1.56,-0.65,0.96
2021-09-17,600570,40.88,41.81,41.96,40.79,126129,686061712.0,2.86,2.25,0.92,0.86
2021-09-22,600570,41.12,40.75,41.76,40.47,116470,624988560.0,3.09,-2.54,-1.06,0.8
2021-09-23,600570,40.97,41.49,41.86,40.76,146585,796387344.0,2.7,1.82,0.74,1.0
2021-09-24,600570,41.5,41.71,42.05,41.11,128299,700805584.0,2.27,0.53,0.22,0.88
2021-09-27,600570,41.47,41.99,43.06,41.43,165620,915445360.0,3.91,0.67,0.28,1.13
2021-09-28,600570,42.36,42.36,42.59,41.06,136415,750493376.0,3.64,0.88,0.37,0.93
2021-09-29,600570,41.97,41.78,42.2,40.43,158035,856683664.0,4.18,-1.37,-0.58,1.08
2021-09-30,600570,41.78,43.72,44.49,41.43,201783,1147630752.0,7.32,4.64,1.94,1.38
2021-10-08,600570,43.78,44.86,45.05,43.52,166173,969486064.0,3.5,2.61,1.14,1.14
2021-10-11,600570,44.41,43.32,44.85,43.27,143064,821939008.0,3.52,-3.43,-1.54,0.98
2021-10-12,600570,43.36,43.36,43.89,42.66,107047,607517216.0,2.84,0.09,0.04,0.73
2021-10-13,600570,43.28,43.86,44.11,42.34,99083,561484432.0,4.08,1.15,0.5,0.68
2021-10-14,600570,42.84,43.59,44.19,42.84,71804,410399264.0,3.08,-0.62,-0.27,0.49
2021-10-15,600570,43.51,44.37,44.58,43.21,151694,878073216.0,3.14,1.79,0.78,1.04
2021-10-18,600570,44.34,43.59,44.66,42.79,109828,625868560.0,4.21,-1.76,-0.78,0.75
2021-10-19,600570,43.62,45.25,47.98,43.35,429296,2623711184.0,10.62,3.81,1.66,2.94
2021-10-20,600570,45.25,44.16,45.72,44.05,181891,1060128608.0,3.69,-2.41,-1.09,1.24
2021-10-21,600570,44.16,43.59,44.81,43.42,103241,593927664.0,3.15,-1.29,-0.57,0.71
2021-10-22,600570,43.75,44.3,44.93,43.6,118005,685114736.0,3.05,1.63,0.71,0.81
2021-10-25,600570,44.35,45.86,46.26,43.95,152231,898658304.0,5.21,3.52,1.56,1.04
2021-10-26,600570,45.62,46.47,47.19,45.6,170720,1042191744.0,3.47,1.33,0.61,1.17
2021-10-27,600570,46.28,46.79,47.16,45.36,129617,784606144.0,3.87,0.69,0.32,0.89
2021-10-28,600570,46.59,46.32,47.3,45.82,165147,1006220224.0,3.16,-1.0,-0.47,1.13
2021-10-29,600570,45.97,48.12,48.38,45.82,317294,1976010336.0,5.53,3.89,1.8,2.17
2021-11-01,600570,48.47,47.55,48.49,46.76,169923,1058051920.0,3.6,-1.18,-0.57,1.16
2021-11-02,600570,47.73,47.54,48.22,46.88,110000,685305568.0,2.82,-0.02,-0.01,0.75
2021-11-03,600570,47.36,47.36,47.96,47.24,69681,433266144.0,1.51,-0.38,-0.18,0.48
2021-11-04,600570,47.22,48.59,48.69,46.97,132236,828215008.0,3.63,2.6,1.23,0.9
2021-11-05,600570,48.51,48.44,49.75,48.16,143907,924637456.0,3.27,-0.31,-0.15,0.98
2021-11-08,600570,48.75,47.48,49.26,47.21,114959,718844272.0,4.23,-1.98,-0.96,0.79
2021-11-09,600570,46.89,46.65,46.89,44.88,185773,1116295792.0,4.23,-1.75,-0.83,1.27
2021-11-10,600570,46.48,45.89,47.26,45.52,106214,642832096.0,3.73,-1.63,-0.76,0.73
2021-11-11,600570,45.74,47.35,47.49,45.26,125509,763723808.0,4.86,3.18,1.46,0.86
2021-11-12,600570,47.32,48.14,49.23,47.32,136912,866298688.0,4.03,1.67,0.79,0.94
2021-11-15,600570,48.4,48.43,49.12,47.26,113668,717669952.0,3.86,0.6,0.29,0.78
2021-11-16,600570,48.43,47.43,48.88,47.11,92749,579462096.0,3.65,-2.06,-1.0,0.63
2021-11-17,600570,47.11,47.25,47.88,47.02,66157,410246944.0,1.81,-0.38,-0.18,0.45
2021-11-18,600570,46.82,44.88,46.99,44.56,187519,1110762080.0,5.14,-5.02,-2.37,1.28
2021-11-19,600570,44.77,44.74,45.24,44.51,83135,489072512.0,1.63,-0.31,-0.14,0.57
2021-11-22,600570,44.7,44.2,45.02,43.9,172270,1002724960.0,2.5,-1.21,-0.54,1.18
2021-11-23,600570,44.28,44.94,45.32,43.96,148039,865258656.0,3.08,1.67,0.74,1.01
2021-11-24,600570,45.36,44.15,45.51,43.97,107912,626439392.0,3.43,-1.76,-0.79,0.74
2021-11-25,600570,44.51,43.51,44.51,43.2,95861,547764000.0,2.97,-1.45,-0.64,0.66
2021-11-26,600570,43.51,43.62,44.05,42.79,78484,447948144.0,2.9,0.25,0.11,0.54
2021-11-29,600570,43.43,44.52,44.73,43.37,143332,832607952.0,3.12,2.06,0.9,0.98
2021-11-30,600570,44.66,44.59,45.34,44.28,99686,584043936.0,2.38,0.16,0.07,0.68
2021-12-01,600570,44.62,44.7,45.42,44.43,86422,508236016.0,2.22,0.25,0.11,0.59
2021-12-02,600570,44.64,44.16,44.89,44.02,84003,487175504.0,1.95,-1.21,-0.54,0.57
2021-12-03,600570,44.36,44.86,45.16,44.28,85812,504183392.0,1.99,1.59,0.7,0.59
2021-12-06,600570,44.86,44.92,45.79,44.69,108363,641901104.0,2.45,0.13,0.06,0.74
2021-12-07,600570,45.36,45.82,46.03,45.12,132180,791925040.0,2.03,2.0,0.9,0.9
2021-12-08,600570,45.8,46.79,47.26,45.47,132928,810040688.0,3.91,2.12,0.97,0.91
2021-12-09,600570,46.59,47.93,48.96,46.59,188569,1183375120.0,5.07,2.44,1.14,1.29
2021-12-10,600570,47.87,47.39,47.87,46.65,113039,698579888.0,2.55,-1.13,-0.54,0.77
2021-12-13,600570,47.74,48.06,49.66,47.48,157655,1003786688.0,4.6,1.41,0.67,1.08
2021-12-14,600570,47.94,48.43,48.43,47.71,96250,607232928.0,1.5,0.77,0.37,0.66
2021-12-15,600570,48.55,47.81,48.59,47.74,94995,597825744.0,1.76,-1.28,-0.62,0.65
2021-12-16,600570,48.43,48.08,48.43,47.36,69641,437553664.0,2.24,0.56,0.27,0.48
2021-12-17,600570,48.12,47.88,48.44,47.59,68697,432061088.0,1.77,-0.42,-0.2,0.47
2021-12-20,600570,47.88,47.59,48.57,47.36,89369,559566128.0,2.53,-0.61,-0.29,0.61
2021-12-21,600570,47.85,49.02,49.05,47.41,162015,1026290576.0,3.45,3.0,1.43,1.11
2021-12-22,600570,49.12,48.58,49.57,48.52,133631,856594976.0,2.14,-0.9,-0.44,0.91
2021-12-23,600570,48.58,48.9,49.7,48.58,141846,914306832.0,2.31,0.66,0.32,0.97
2021-12-24,600570,48.86,48.66,48.91,47.99,97052,615691792.0,1.88,-0.49,-0.24,0.66
2021-12-27,600570,48.69,47.66,48.82,47.35,74604,467868640.0,3.02,-2.06,-1.0,0.51
2021-12-28,600570,48.05,48.52,48.86,47.74,76960,487956128.0,2.35,1.8,0.86,0.53
2021-12-29,600570,48.52,47.66,48.74,47.13,70468,439701136.0,3.32,-1.77,-0.86,0.48
2021-12-30,600570,47.62,47.2,48.2,46.7,103615,641830448.0,3.15,-0.97,-0.46,0.71
2021-12-31,600570,47.36,47.47,47.86,46.99,80659,500101840.0,1.84,0.57,0.27,0.55
2022-01-04,600570,47.52,47.72,48.12,46.66,106763,664304960.0,3.08,0.53,0.25,0.73
2022-01-05,600570,48.03,47.97,48.81,47.75,97428,615001264.0,2.22,0.52,0.25,0.67
2022-01-06,600570,47.9,45.55,47.9,45.36,147758,892188208.0,5.29,-5.04,-2.42,1.01
2022-01-07,600570,45.58,44.89,45.97,44.85,108660,643946352.0,2.46,-1.45,-0.66,0.74
2022-01-10,600570,44.82,45.03,45.44,44.66,79472,468903968.0,1.74,0.31,0.14,0.54
2022-01-11,600570,44.93,44.22,45.28,44.2,67016,390537552.0,2.4,-1.8,-0.81,0.46
2022-01-12,600570,44.43,45.05,45.15,44.2,88375,517245344.0,2.15,1.88,0.83,0.6
2022-01-13,600570,45.16,44.66,45.71,44.59,70266,415608320.0,2.49,-0.87,-0.39,0.48
2022-01-14,600570,44.39,43.99,45.04,43.89,87033,505475056.0,2.58,-1.5,-0.67,0.6
2022-01-17,600570,44.26,44.62,44.89,43.6,117823,686614176.0,2.93,1.43,0.63,0.81
2022-01-18,600570,44.74,45.7,45.97,44.32,197846,1175249360.0,3.7,2.42,1.08,1.35
2022-01-19,600570,45.29,45.76,46.01,45.12,92581,551993392.0,1.95,0.13,0.06,0.63
2022-01-20,600570,46.06,45.97,46.27,45.43,84732,509787344.0,1.84,0.46,0.21,0.58
2022-01-21,600570,46.05,46.16,47.48,45.97,124440,761910080.0,3.28,0.41,0.19,0.85
2022-01-24,600570,46.42,46.76,47.12,46.32,79998,488980960.0,1.73,1.3,0.6,0.55
2022-01-25,600570,46.59,44.78,46.82,44.74,101508,604307824.0,4.45,-4.23,-1.98,0.69
2022-01-26,600570,44.89,45.35,46.09,44.59,75171,446971344.0,3.35,1.27,0.57,0.51
2022-01-27,600570,45.43,45.66,47.74,45.06,227022,1388201504.0,5.91,0.68,0.31,1.55
2022-01-28,600570,45.87,44.72,47.2,44.67,138633,835448624.0,5.54,-2.06,-0.94,0.95
2022-02-07,600570,45.3,44.52,45.66,44.12,97729,572463904.0,3.44,-0.45,-0.2,0.67
2022-02-08,600570,44.36,44.32,44.51,41.98,148803,846812720.0,5.68,-0.45,-0.2,1.02
2022-02-09,600570,44.65,45.11,45.47,43.82,86113,503770912.0,3.72,1.78,0.79,0.59
2022-02-10,600570,44.88,43.1,45.05,42.94,133906,765112736.0,4.68,-4.46,-2.01,0.92
2022-02-11,600570,42.94,40.96,43.34,40.78,177649,974247056.0,5.94,-4.97,-2.14,1.22
2022-02-14,600570,40.47,39.83,40.99,39.59,132406,696812864.0,3.42,-2.76,-1.13,0.91
2022-02-15,600570,40.04,41.81,41.93,39.97,100930,547127008.0,4.92,4.97,1.98,0.69
2022-02-16,600570,41.96,41.43,42.16,41.26,52895,287888704.0,2.15,-0.91,-0.38,0.36
2022-02-17,600570,41.25,41.02,41.5,40.88,68416,369314864.0,1.5,-0.99,-0.41,0.47
2022-02-18,600570,40.96,40.81,41.2,40.34,98816,528999680.0,2.1,-0.51,-0.21,0.68
2022-02-21,600570,40.82,40.6,41.2,40.32,119879,637060192.0,2.16,-0.51,-0.21,0.82
2022-02-22,600570,40.3,39.5,40.3,39.12,152785,792711152.0,2.91,-2.71,-1.1,1.05
2022-02-23,600570,39.57,40.43,40.55,39.09,177425,927923632.0,3.7,2.35,0.93,1.21
2022-02-24,600570,40.09,38.95,40.15,38.12,176658,905149632.0,5.02,-3.66,-1.48,1.21
2022-02-25,600570,39.15,39.87,39.89,39.12,122233,635114464.0,1.98,2.36,0.92,0.84
2022-02-28,600570,40.14,39.85,40.34,39.28,69369,360885296.0,2.66,-0.05,-0.02,0.47
2022-03-01,600570,39.85,39.79,40.04,39.55,62295,325005120.0,1.23,-0.15,-0.06,0.43
2022-03-02,600570,39.51,39.21,39.82,39.15,69999,360861440.0,1.68,-1.46,-0.58,0.48
2022-03-03,600570,39.31,39.07,39.53,38.66,85235,435621888.0,2.22,-0.36,-0.14,0.58
2022-03-04,600570,38.7,38.36,39.02,38.12,122823,617838400.0,2.3,-1.82,-0.71,0.84
2022-03-07,600570,38.26,37.62,38.26,36.96,123366,607128848.0,3.39,-1.93,-0.74,0.84
2022-03-08,600570,37.69,37.2,38.5,36.71,131327,647530816.0,4.76,-1.12,-0.42,0.9
2022-03-09,600570,37.56,36.59,37.65,34.51,177149,840036496.0,8.44,-1.64,-0.61,1.21
2022-03-10,600570,37.19,35.58,37.63,35.51,155634,743574048.0,5.79,-2.76,-1.01,1.06
2022-03-11,600570,35.05,36.15,36.23,34.49,145907,675988480.0,4.89,1.6,0.57,1.0
2022-03-14,600570,35.78,34.57,36.07,34.57,159821,737199712.0,4.15,-4.37,-1.58,1.09
2022-03-15,600570,34.43,33.43,35.43,33.13,185200,832077616.0,6.65,-3.3,-1.14,1.27
2022-03-16,600570,34.12,34.29,34.42,32.48,185248,816622992.0,5.8,2.57,0.86,1.27
2022-03-17,600570,35.28,35.52,36.26,34.92,187880,880813520.0,3.91,3.59,1.23,1.29
2022-03-18,600570,35.49,35.28,35.78,34.79,100251,463301728.0,2.79,-0.68,-0.24,0.69
2022-03-21,600570,35.54,35.28,36.05,34.89,83648,388492224.0,3.29,0.0,0.0,0.57
2022-03-22,600570,35.28,35.76,36.09,34.92,94285,442220848.0,3.32,1.36,0.48,0.65
2022-03-23,600570,35.78,35.56,36.12,35.44,70623,330712896.0,1.9,-0.56,-0.2,0.48
2022-03-24,600570,35.35,35.36,35.66,35.06,42902,199057132.0,1.69,-0.56,-0.2,0.29
2022-03-25,600570,35.59,34.83,35.92,34.79,69347,321182480.0,3.2,-1.5,-0.53,0.47
2022-03-28,600570,34.28,34.22,34.59,33.7,92049,411884352.0,2.56,-1.75,-0.61,0.63
2022-03-29,600570,34.5,33.93,34.62,33.88,58808,263430238.0,2.16,-0.85,-0.29,0.4
2022-03-30,600570,34.28,35.55,35.66,34.18,98564,454847728.0,4.36,4.77,1.62,0.67
2022-03-31,600570,35.55,33.86,35.55,33.59,206112,922456864.0,5.51,-4.75,-1.69,1.41
2022-04-01,600570,33.59,32.76,33.99,32.66,257113,1120254944.0,3.93,-3.25,-1.1,1.76
2022-04-06,600570,32.78,32.39,33.32,32.22,152851,655053520.0,3.36,-1.13,-0.37,1.05
2022-04-07,600570,32.59,32.01,32.85,31.98,136627,581769072.0,2.69,-1.17,-0.38,0.93
2022-04-08,600570,31.61,31.58,32.26,31.33,99476,413224032.0,2.91,-1.34,-0.43,0.68
2022-04-11,600570,31.46,30.16,31.55,30.08,158031,635565824.0,4.65,-4.5,-1.42,1.08
2022-04-12,600570,30.22,30.43,30.48,29.39,167723,661910496.0,3.61,0.9,0.27,1.15
2022-04-13,600570,30.13,29.6,30.31,29.47,131689,514974944.0,2.76,-2.73,-0.83,0.9
2022-04-14,600570,29.82,29.91,30.01,29.44,154118,603422064.0,1.93,1.05,0.31,1.05
2022-04-15,600570,29.59,29.12,29.74,28.97,137112,527817168.0,2.57,-2.64,-0.79,0.94
2022-04-18,600570,29.05,29.46,29.59,28.63,105286,405114960.0,3.3,1.17,0.34,0.72
2022-04-19,600570,29.64,29.01,29.72,28.74,125625,480668576.0,3.33,-1.53,-0.45,0.86
2022-04-20,600570,29.12,28.57,29.34,28.52,115596,439975680.0,2.83,-1.52,-0.44,0.79
2022-04-21,600570,27.91,27.59,28.72,27.39,180283,665087792.0,4.66,-3.43,-0.98,1.23
2022-04-22,600570,27.42,26.96,27.62,26.49,217170,771140320.0,4.1,-2.28,-0.63,1.49
2022-04-25,600570,26.42,25.45,26.64,25.45,270183,929297376.0,4.41,-5.6,-1.51,1.85
2022-04-26,600570,25.43,24.31,25.72,24.3,212261,698968064.0,5.58,-4.48,-1.14,1.45
2022-04-27,600570,24.31,26.59,26.77,24.16,338860,1154894160.0,10.74,9.38,2.28,2.32
2022-04-28,600570,26.11,26.29,27.34,26.01,256526,893465152.0,5.0,-1.13,-0.3,1.76
2022-04-29,600570,26.43,28.96,28.96,25.8,345158,1260851664.0,12.02,10.16,2.67,2.36
2022-05-05,600570,28.51,27.8,28.59,27.47,327216,1207049600.0,3.87,-4.01,-1.16,2.24
2022-05-06,600570,27.28,27.57,28.41,26.82,185349,676051136.0,5.72,-0.83,-0.23,1.27
2022-05-09,600570,27.51,27.64,28.19,27.36,114304,416693600.0,3.01,0.25,0.07,0.78
2022-05-10,600570,27.37,28.09,28.39,27.21,184683,678591120.0,4.27,1.63,0.45,1.26
2022-05-11,600570,28.05,28.83,29.52,27.97,216439,825978192.0,5.52,2.63,0.74,1.48
2022-05-12,600570,28.76,28.63,28.98,28.44,79654,300532800.0,1.87,-0.69,-0.2,0.54
2022-05-13,600570,28.8,28.55,29.07,28.28,73792,278259408.0,2.76,-0.28,-0.08,0.5
2022-05-16,600570,28.72,28.42,29.1,28.18,76063,285122400.0,3.22,-0.46,-0.13,0.52
2022-05-17,600570,28.31,28.39,28.6,28.01,64735,241033843.0,2.08,-0.11,-0.03,0.44
2022-05-18,600570,28.56,28.32,28.68,28.22,77818,291042208.0,1.62,-0.25,-0.07,0.53
2022-05-19,600570,27.75,27.92,28.06,27.49,70343,257238734.0,2.01,-1.41,-0.4,0.48
2022-05-20,600570,27.91,28.19,28.53,27.79,122708,453790464.0,2.65,0.97,0.27,0.84
2022-05-23,600570,28.37,27.98,28.51,27.63,93888,344673024.0,3.12,-0.74,-0.21,0.64
2022-05-24,600570,28.05,26.43,28.05,26.43,121359,433667952.0,5.79,-5.54,-1.55,0.83
2022-05-25,600570,26.19,26.59,26.84,26.14,108209,377136832.0,2.65,0.61,0.16,0.74
2022-05-26,600570,26.74,27.5,27.66,25.86,141796,504715632.0,6.77,3.42,0.91,0.97
2022-05-27,600570,28.01,27.47,28.27,27.37,108698,397724128.0,3.27,-0.11,-0.03,0.74
2022-05-30,600570,27.59,28.43,28.58,27.06,145028,536123920.0,5.53,3.49,0.96,0.99
2022-05-31,600570,28.46,30.51,30.77,28.19,303724,1193047712.0,9.07,7.32,2.08,2.08
2022-06-01,600570,30.39,29.97,30.69,29.7,198797,786900912.0,3.24,-1.77,-0.54,1.36
2022-06-02,600570,29.96,30.65,30.96,29.42,228511,911044960.0,5.14,2.27,0.68,1.56
2022-06-06,600570,30.59,32.12,32.36,30.36,268419,1107994912.0,6.53,4.8,1.47,1.84
2022-06-07,600570,32.12,32.93,33.69,31.36,244205,1051764352.0,7.25,2.52,0.81,1.67
2022-06-08,600570,32.92,32.62,33.12,31.89,134376,573745872.0,3.74,-0.94,-0.31,0.92
2022-06-09,600570,32.62,31.5,33.23,31.39,174911,737194640.0,5.64,-3.43,-1.12,1.2
2022-06-10,600570,31.19,32.66,32.92,30.89,176068,743744192.0,6.44,3.68,1.16,1.2
2022-06-13,600570,32.32,31.99,32.62,31.84,103570,436822544.0,2.39,-2.05,-0.67,0.71
2022-06-14,600570,31.2,32.11,32.22,30.69,141199,581551680.0,4.78,0.38,0.12,0.97
2022-06-15,600570,32.12,33.4,35.28,32.12,351414,1551615152.0,9.84,4.02,1.29,2.4
2022-06-16,600570,33.68,31.79,33.68,31.64,257260,1095343088.0,6.11,-4.82,-1.61,1.76
2022-06-17,600570,31.36,32.57,32.59,31.21,175769,740666160.0,4.34,2.45,0.78,1.2
2022-06-20,600570,32.65,32.58,33.28,32.15,161813,692106960.0,3.47,0.03,0.01,1.11
2022-06-21,600570,32.74,34.43,34.78,32.23,274932,1220068288.0,7.83,5.68,1.85,1.88
2022-06-22,600570,34.21,32.87,34.32,32.82,193711,852087728.0,4.36,-4.53,-1.56,1.33
2022-06-23,600570,32.82,34.29,34.7,32.51,243733,1078293328.0,6.66,4.32,1.42,1.67
2022-06-24,600570,34.36,34.47,34.78,33.74,163811,736163264.0,3.03,0.52,0.18,1.12
2022-06-27,600570,34.59,34.81,35.8,34.39,188520,867137296.0,4.09,0.99,0.34,1.29
2022-06-28,600570,34.79,34.82,35.05,33.81,109683,493137936.0,3.56,0.03,0.01,0.75
2022-06-29,600570,34.83,33.72,35.02,33.49,194442,867875520.0,4.39,-3.16,-1.1,1.33
2022-06-30,600570,33.72,33.16,34.05,32.87,166279,725406656.0,3.5,-1.66,-0.56,1.14
2022-07-01,600570,33.28,32.74,33.49,32.53,89374,387305904.0,2.9,-1.27,-0.42,0.61
2022-07-04,600570,33.09,35.06,35.43,32.88,244325,1109089184.0,7.79,7.09,2.32,1.67
2022-07-05,600570,34.89,34.35,35.47,33.79,127745,575187808.0,4.79,-2.03,-0.71,0.87
2022-07-06,600570,34.35,33.9,35.01,33.4,125076,558632240.0,4.69,-1.31,-0.45,0.86
2022-07-07,600570,33.88,33.2,34.16,32.96,106813,466891552.0,3.54,-2.06,-0.7,0.73
2022-07-08,600570,33.36,33.28,33.89,33.2,77584,341480272.0,2.08,0.24,0.08,0.53
2022-07-11,600570,33.05,31.83,33.17,31.59,161613,679506832.0,4.75,-4.36,-1.45,1.11
2022-07-12,600570,31.84,30.96,32.16,30.82,133011,545497131.0,4.21,-2.73,-0.87,0.91
2022-07-13,600570,31.15,31.09,31.57,30.96,79294,325613347.0,1.97,0.42,0.13,0.54
2022-07-14,600570,31.09,31.69,32.18,30.97,97009,405722973.0,3.89,1.93,0.6,0.66
2022-07-15,600570,30.93,29.44,31.32,29.09,311574,1222324522.0,7.04,-7.1,-2.25,2.13
2022-07-18,600570,29.44,31.36,31.58,29.43,196341,796568715.0,7.3,6.52,1.92,1.34
2022-07-19,600570,31.26,31.02,31.58,30.72,84321,344201867.0,2.74,-1.08,-0.34,0.58
2022-07-20,600570,31.36,31.51,31.72,30.78,98357,406850030.0,3.03,1.58,0.49,0.67
2022-07-21,600570,31.37,31.21,31.97,31.2,99138,411776022.0,2.44,-0.95,-0.3,0.68
2022-07-22,600570,31.36,31.33,31.73,30.84,116432,477915599.0,2.85,0.38,0.12,0.8
2022-07-25,600570,31.49,31.36,31.54,30.69,84083,344320925.0,2.71,0.1,0.03,0.58
2022-07-26,600570,31.32,32.05,32.23,31.29,113990,478170809.0,3.0,2.2,0.69,0.78
2022-07-27,600570,31.96,32.45,32.68,31.86,101066,430741116.0,2.56,1.25,0.4,0.69
2022-07-28,600570,32.62,32.52,33.18,32.24,116643,502109587.0,2.9,0.22,0.07,0.8
2022-07-29,600570,32.52,32.32,33.02,32.22,103541,442629813.0,2.46,-0.62,-0.2,0.71
2022-08-01,600570,32.2,32.16,32.28,31.43,90814,380747622.0,2.63,-0.5,-0.16,0.62
2022-08-02,600570,31.88,31.27,31.88,30.53,101842,417140145.0,4.2,-2.77,-0.89,0.7
2022-08-03,600570,31.51,31.28,31.96,31.16,88286,365928602.0,2.56,0.03,0.01,0.6
2022-08-04,600570,31.72,31.52,32.31,31.32,67423,280500845.0,3.16,0.77,0.24,0.46
2022-08-05,600570,31.77,33.87,34.12,31.66,187165,816957854.0,7.8,7.46,2.35,1.28
2022-08-08,600570,33.97,33.45,34.1,33.19,83697,368359229.0,2.69,-1.24,-0.42,0.57
2022-08-09,600570,33.13,32.78,33.4,32.38,80286,344788559.0,3.05,-2.0,-0.67,0.55
2022-08-10,600570,32.74,31.91,32.78,31.62,87106,366992895.0,3.54,-2.65,-0.87,0.6
2022-08-11,600570,32.11,33.25,33.43,31.96,107867,467615756.0,4.61,4.2,1.34,0.74
2022-08-12,600570,33.12,32.99,33.46,32.68,57901,250951182.0,2.35,-0.78,-0.26,0.4
2022-08-15,600570,33.14,32.44,33.2,32.23,65879,281233322.0,2.94,-1.67,-0.55,0.45
2022-08-16,600570,32.67,31.26,32.69,30.99,182976,757081377.0,5.24,-3.64,-1.18,1.25
2022-08-17,600570,31.28,31.55,31.76,30.99,91243,376707179.0,2.46,0.93,0.29,0.62
2022-08-18,600570,32.03,31.02,32.18,30.94,90051,285278630.0,3.93,-1.68,-0.53,0.47
2022-08-19,600570,30.76,30.96,31.8,30.64,86235,271758831.0,3.74,-0.19,-0.06,0.45
2022-08-22,600570,30.74,30.91,31.54,30.65,120602,377109858.0,2.87,-0.16,-0.05,0.63
2022-08-23,600570,30.93,31.07,31.62,30.76,85268,267540048.0,2.78,0.52,0.16,0.45
2022-08-24,600570,31.18,30.05,31.47,29.8,101296,311321200.0,5.37,-3.28,-1.02,0.53
2022-08-25,600570,30.14,30.21,30.39,29.5,75127,226537963.0,2.96,0.53,0.16,0.4
2022-08-26,600570,30.4,32.18,32.82,30.24,322445,1036880350.0,8.54,6.52,1.97,1.7
2022-08-29,600570,31.73,32.44,33.07,31.44,185504,603424283.0,5.07,0.81,0.26,0.98
2022-08-30,600570,32.34,33.07,33.31,32.25,157072,520249830.0,3.27,1.94,0.63,0.83
2022-08-31,600570,32.79,33.38,33.9,32.74,169785,571133142.0,3.51,0.94,0.31,0.89
2022-09-01,600570,33.49,34.24,35.02,32.95,189721,656015375.0,6.2,2.58,0.86,1.0
2022-09-02,600570,34.24,34.11,34.49,33.75,91981,316330428.0,2.16,-0.38,-0.13,0.48
2022-09-05,600570,33.94,33.47,34.21,33.12,134083,453006040.0,3.2,-1.88,-0.64,0.71
2022-09-06,600570,33.71,33.4,33.72,33.1,77779,261700436.0,1.85,-0.21,-0.07,0.41
2022-09-07,600570,33.29,33.33,33.43,32.9,96410,321831816.0,1.59,-0.21,-0.07,0.51
2022-09-08,600570,33.35,33.73,34.39,33.14,98484,335667772.0,3.75,1.2,0.4,0.52
2022-09-09,600570,33.7,35.04,35.24,33.24,174599,612443086.0,5.93,3.88,1.31,0.92
2022-09-13,600570,35.32,35.89,36.29,34.75,172314,623102538.0,4.39,2.43,0.85,0.91
2022-09-14,600570,35.52,36.04,36.3,35.24,158009,570153859.0,2.95,0.42,0.15,0.83
2022-09-15,600570,36.0,35.45,36.32,35.17,119621,429581886.0,3.19,-1.64,-0.59,0.63
2022-09-16,600570,35.54,33.73,36.04,33.62,352262,1218509836.0,6.83,-4.85,-1.72,1.85
2022-09-19,600570,33.88,33.43,34.12,33.16,152996,515515683.0,2.85,-0.89,-0.3,0.81
2022-09-20,600570,33.43,32.51,33.84,32.21,128915,423834105.0,4.88,-2.75,-0.92,0.68
2022-09-21,600570,32.4,32.48,33.09,31.49,114324,372897722.0,4.92,-0.09,-0.03,0.6
2022-09-22,600570,32.17,32.54,32.88,31.96,71269,233906092.0,2.83,0.18,0.06,0.38
2022-09-23,600570,32.55,32.26,33.1,31.94,76432,249477806.0,3.56,-0.86,-0.28,0.4
2022-09-26,600570,32.2,31.78,33.04,31.6,107828,351086309.0,4.46,-1.49,-0.48,0.57
2022-09-27,600570,32.05,33.41,33.64,31.78,136166,451762474.0,5.85,5.13,1.63,0.72
2022-09-28,600570,33.34,33.25,33.7,32.66,85975,288722133.0,3.11,-0.48,-0.16,0.45
2022-09-29,600570,33.61,33.26,34.39,33.05,118994,402772723.0,4.03,0.03,0.01,0.63
2022-09-30,600570,33.53,33.63,34.48,33.34,101961,348552134.0,3.43,1.11,0.37,0.54
2022-10-10,600570,33.63,33.2,34.02,33.07,87162,294297575.0,2.82,-1.28,-0.43,0.46
2022-10-11,600570,33.54,32.18,33.59,31.88,114250,372804775.0,5.15,-3.07,-1.02,0.6
2022-10-12,600570,32.14,33.15,33.26,31.2,127448,411701222.0,6.4,3.01,0.97,0.67
2022-10-13,600570,32.98,34.05,34.74,32.75,155020,530331547.0,6.0,2.71,0.9,0.82
2022-10-14,600570,34.23,34.79,35.22,33.94,107610,376904969.0,3.76,2.17,0.74,0.57
2022-10-17,600570,34.75,35.12,35.41,34.63,101086,357384054.0,2.24,0.95,0.33,0.53
2022-10-18,600570,35.1,34.03,35.46,33.76,105860,365334909.0,4.84,-3.1,-1.09,0.56
2022-10-19,600570,34.03,34.17,34.48,33.54,90834,312353225.0,2.76,0.41,0.14,0.48
2022-10-20,600570,33.96,34.69,34.9,33.76,133198,464358684.0,3.34,1.52,0.52,0.7
2022-10-21,600570,34.95,34.01,35.12,33.8,106814,368821029.0,3.81,-1.96,-0.68,0.56
2022-10-24,600570,33.74,33.45,34.73,32.99,197874,672601868.0,5.12,-1.65,-0.56,1.04
2022-10-25,600570,33.73,31.78,33.73,31.27,235610,760907702.0,7.35,-4.99,-1.67,1.24
2022-10-26,600570,31.72,33.72,33.97,31.6,225884,755762803.0,7.46,6.1,1.94,1.19
2022-10-27,600570,34.94,37.12,37.12,34.94,367863,1362689408.0,6.47,10.08,3.4,1.94
2022-10-28,600570,37.12,38.19,39.04,36.64,623133,2386780831.0,6.47,2.88,1.07,3.28
2022-10-31,600570,37.74,41.42,42.03,36.98,548589,2210970661.0,13.22,8.46,3.23,2.89
2022-11-01,600570,41.37,41.66,42.89,39.7,378715,1579951420.0,7.7,0.58,0.24,1.99
2022-11-02,600570,41.39,40.54,41.89,40.35,321498,1325966258.0,3.7,-2.69,-1.12,1.69
2022-11-03,600570,39.77,38.42,40.93,37.55,446756,1746259616.0,8.34,-5.23,-2.12,2.35
2022-11-04,600570,38.41,40.22,40.64,38.24,347880,1380376772.0,6.25,4.69,1.8,1.83
2022-11-07,600570,39.44,39.35,41.07,38.92,270345,1080079800.0,5.35,-2.16,-0.87,1.42
2022-11-08,600570,39.4,40.19,40.33,38.54,191296,765287692.0,4.55,2.13,0.84,1.01
2022-11-09,600570,39.76,39.39,40.17,39.24,136424,544440115.0,2.31,-1.99,-0.8,0.72
2022-11-10,600570,39.3,40.13,40.89,39.04,190068,766743742.0,4.7,1.88,0.74,1.0
2022-11-11,600570,41.74,40.84,43.24,40.05,276048,1151115906.0,7.95,1.77,0.71,1.45
2022-11-14,600570,41.72,41.27,41.84,40.24,189023,780572300.0,3.92,1.05,0.43,0.99
2022-11-15,600570,40.68,42.84,43.69,40.68,283242,1224957748.0,7.29,3.8,1.57,1.49
2022-11-16,600570,42.79,42.53,43.71,42.02,124169,532863074.0,3.94,-0.72,-0.31,0.65
2022-11-17,600570,42.54,42.94,43.41,41.96,174616,749251021.0,3.41,0.96,0.41,0.92
2022-11-18,600570,42.95,43.42,44.84,42.94,207736,919065865.0,4.42,1.12,0.48,1.09
2022-11-21,600570,43.26,42.12,43.75,41.54,175479,744402325.0,5.09,-2.99,-1.3,0.92
2022-11-22,600570,42.09,42.03,42.81,41.34,109270,461129124.0,3.49,-0.21,-0.09,0.58
2022-11-23,600570,41.85,42.4,42.62,41.65,119774,508312983.0,2.31,0.88,0.37,0.63
2022-11-24,600570,42.44,40.69,42.68,40.52,165689,684347685.0,5.09,-4.03,-1.71,0.87
2022-11-25,600570,40.77,40.19,40.98,39.77,199861,809977221.0,2.97,-1.23,-0.5,1.05
2022-11-28,600570,39.74,39.68,40.46,39.24,151202,603488703.0,3.04,-1.27,-0.51,0.8
2022-11-29,600570,39.78,39.84,40.32,39.05,153463,614219511.0,3.2,0.4,0.16,0.81
2022-11-30,600570,39.64,39.7,40.29,39.22,118962,474712094.0,2.69,-0.35,-0.14,0.63
2022-12-01,600570,40.24,40.64,40.99,39.68,163277,663770942.0,3.3,2.37,0.94,0.86
2022-12-02,600570,40.19,39.84,41.24,39.78,149368,609067049.0,3.59,-1.97,-0.8,0.79
2022-12-05,600570,40.24,40.04,40.87,39.64,135536,548529116.0,3.09,0.5,0.2,0.71
2022-12-06,600570,39.94,39.71,40.41,39.54,115028,462076967.0,2.17,-0.82,-0.33,0.61
2022-12-07,600570,39.76,39.45,40.09,39.27,113146,451494066.0,2.06,-0.65,-0.26,0.6
2022-12-08,600570,39.46,39.36,39.64,38.66,118173,465544715.0,2.48,-0.23,-0.09,0.62
2022-12-09,600570,39.35,39.24,39.74,38.54,219333,864685306.0,3.05,-0.3,-0.12,1.15
2022-12-12,600570,39.19,39.68,40.24,39.01,168160,672336387.0,3.13,1.12,0.44,0.89
2022-12-13,600570,39.53,38.53,40.04,38.5,118468,465033464.0,3.88,-2.9,-1.15,0.62
2022-12-14,600570,38.55,38.64,39.03,38.14,84870,330422570.0,2.31,0.29,0.11,0.45
2022-12-15,600570,38.63,38.53,38.94,38.25,76721,297713401.0,1.79,-0.28,-0.11,0.4
2022-12-16,600570,38.42,38.13,38.46,37.64,132602,506348865.0,2.13,-1.04,-0.4,0.7
2022-12-19,600570,38.11,38.24,38.52,37.24,67495,257111948.0,3.36,0.29,0.11,0.36
2022-12-20,600570,37.74,36.53,38.04,36.18,160930,593912495.0,4.86,-4.47,-1.71,0.85
2022-12-21,600570,36.81,36.6,37.5,36.34,80346,297575581.0,3.18,0.19,0.07,0.42
2022-12-22,600570,36.87,37.41,37.97,36.64,115010,434173528.0,3.63,2.21,0.81,0.61
2022-12-23,600570,37.4,38.24,38.94,37.21,138332,534840838.0,4.62,2.22,0.83,0.73
2022-12-26,600570,38.23,39.33,39.65,38.23,118840,470358379.0,3.71,2.85,1.09,0.63
2022-12-27,600570,39.46,39.48,39.71,38.85,79882,315915887.0,2.19,0.38,0.15,0.42
2022-12-28,600570,39.57,39.05,39.93,38.86,97620,385574944.0,2.71,-1.09,-0.43,0.51
2022-12-29,600570,39.09,40.11,40.24,38.64,126678,508229526.0,4.1,2.71,1.06,0.67
2022-12-30,600570,40.05,40.2,40.92,39.94,93064,378456328.0,2.44,0.22,0.09,0.49
2023-01-03,600570,40.09,41.64,41.91,39.85,188785,787623838.0,5.12,3.58,1.44,0.99
2023-01-04,600570,41.81,42.5,42.79,41.11,257842,1088131008.0,4.03,2.07,0.86,1.36
2023-01-05,600570,42.06,41.83,42.48,41.44,99206,418456166.0,2.45,-1.58,-0.67,0.52
2023-01-06,600570,42.17,41.95,43.74,41.44,218465,929761896.0,5.5,0.29,0.12,1.15
2023-01-09,600570,41.32,42.27,42.85,40.64,191544,810618618.0,5.27,0.76,0.32,1.01
2023-01-10,600570,42.33,42.72,43.52,41.87,137950,593735746.0,3.9,1.06,0.45,0.73
2023-01-11,600570,42.69,41.72,42.69,41.44,168145,708221638.0,2.93,-2.34,-1.0,0.88
2023-01-12,600570,41.65,41.82,42.18,41.14,127882,535670731.0,2.49,0.24,0.1,0.67
2023-01-13,600570,41.98,41.95,42.11,41.35,79005,332089298.0,1.82,0.31,0.13,0.42
2023-01-16,600570,42.23,43.74,44.16,41.95,240107,1053931714.0,5.27,4.27,1.79,1.26
2023-01-17,600570,43.51,43.73,44.23,43.3,108525,478156667.0,2.13,-0.02,-0.01,0.57
2023-01-18,600570,43.74,45.74,46.46,43.66,237826,1087422583.0,6.4,4.6,2.01,1.25
2023-01-19,600570,45.74,46.13,46.51,45.28,158647,733635802.0,2.69,0.85,0.39,0.83
2023-01-20,600570,45.99,45.95,46.71,45.49,114014,527574801.0,2.64,-0.39,-0.18,0.6
2023-01-30,600570,46.74,46.03,48.09,45.74,182078,848908958.0,5.11,0.17,0.08,0.96
2023-01-31,600570,46.43,46.96,47.39,45.82,197319,931974141.0,3.41,2.02,0.93,1.04
2023-02-01,600570,46.95,47.52,47.84,46.7,193598,919792766.0,2.43,1.19,0.56,1.02
2023-02-02,600570,49.54,46.96,50.14,46.09,523178,2488043027.0,8.52,-1.18,-0.56,2.75
2023-02-03,600570,47.16,47.58,47.96,46.63,252948,1203281210.0,2.83,1.32,0.62,1.33
2023-02-06,600570,47.39,47.11,47.74,46.58,151822,718288645.0,2.44,-0.99,-0.47,0.8
2023-02-07,600570,46.86,46.4,47.04,45.64,213009,989192786.0,2.97,-1.51,-0.71,1.12
2023-02-08,600570,46.64,47.54,47.74,46.19,140765,668644613.0,3.34,2.46,1.14,0.74
2023-02-09,600570,47.53,47.02,47.53,46.14,198446,929586702.0,2.92,-1.09,-0.52,1.04
2023-02-10,600570,46.8,46.14,46.81,45.56,193934,897650279.0,2.66,-1.87,-0.88,1.02
2023-02-13,600570,45.92,46.1,46.99,45.92,204557,954252015.0,2.32,-0.09,-0.04,1.08
2023-02-14,600570,46.19,46.1,46.51,45.66,132790,613528865.0,1.84,0.0,0.0,0.7
2023-02-15,600570,46.04,46.05,46.61,45.89,99245,460984055.0,1.56,-0.11,-0.05,0.52
2023-02-16,600570,46.05,45.17,46.24,44.74,192101,879649937.0,3.26,-1.91,-0.88,1.01
2023-02-17,600570,44.94,43.71,45.29,43.67,200409,891468505.0,3.59,-3.23,-1.46,1.05
2023-02-20,600570,44.24,44.5,44.69,43.79,108991,484931106.0,2.06,1.81,0.79,0.57
2023-02-21,600570,44.52,45.04,45.81,44.05,207585,941762526.0,3.96,1.21,0.54,1.09
2023-02-22,600570,44.62,44.29,44.73,43.68,171763,762628210.0,2.33,-1.67,-0.75,0.9
2023-02-23,600570,44.1,43.94,44.54,43.52,93827,415541956.0,2.3,-0.79,-0.35,0.49
2023-02-24,600570,43.84,44.25,44.84,43.84,149651,667143859.0,2.28,0.71,0.31,0.79
2023-02-27,600570,43.65,44.06,45.73,43.64,162185,726827427.0,4.72,-0.43,-0.19,0.85
2023-02-28,600570,44.25,44.14,45.04,43.62,171308,761885882.0,3.22,0.18,0.08,0.9
2023-03-01,600570,44.14,45.02,45.12,43.85,156280,703540488.0,2.88,1.99,0.88,0.82
2023-03-02,600570,44.76,45.11,45.85,44.41,118735,538626567.0,3.2,0.2,0.09,0.62
2023-03-03,600570,45.09,45.23,45.48,44.6,103870,470634186.0,1.95,0.27,0.12,0.55
2023-03-06,600570,45.64,45.95,46.29,45.02,136622,629143251.0,2.81,1.59,0.72,0.72
2023-03-07,600570,45.86,43.82,45.86,43.74,182142,816528619.0,4.61,-4.64,-2.13,0.96
2023-03-08,600570,43.83,44.51,44.68,43.75,116872,520336910.0,2.12,1.57,0.69,0.62
2023-03-09,600570,44.19,45.33,45.53,43.5,145396,653141059.0,4.56,1.84,0.82,0.77
2023-03-10,600570,45.16,45.01,45.58,44.84,92411,419806168.0,1.63,-0.71,-0.32,0.49
2023-03-13,600570,44.84,46.73,47.32,44.24,231144,1078747630.0,6.84,3.82,1.72,1.22
2023-03-14,600570,46.73,46.2,46.81,45.81,103446,480900022.0,2.14,-1.13,-0.53,0.54
2023-03-15,600570,46.54,45.83,47.34,45.68,113505,530045276.0,3.59,-0.8,-0.37,0.6
2023-03-16,600570,45.44,44.9,45.83,44.67,112816,512507604.0,2.53,-2.03,-0.93,0.59
2023-03-17,600570,45.4,46.99,47.73,45.4,230457,1087348826.0,5.19,4.65,2.09,1.21
2023-03-20,600570,46.79,44.93,47.49,44.82,177169,821439559.0,5.68,-4.38,-2.06,0.93
2023-03-21,600570,45.32,45.06,45.85,44.54,137402,624276868.0,2.92,0.29,0.13,0.72
2023-03-22,600570,45.42,44.64,45.42,44.32,170005,765436708.0,2.44,-0.93,-0.42,0.89
2023-03-23,600570,44.34,45.67,45.76,43.25,243316,1094265157.0,5.62,2.31,1.03,1.28
2023-03-24,600570,45.61,47.14,47.24,45.08,295970,1383959900.0,4.73,3.22,1.47,1.56
2023-03-27,600570,46.94,50.34,51.88,46.94,664685,3367184240.0,10.48,6.79,3.2,3.5
2023-03-28,600570,49.61,48.74,49.86,48.14,288055,1415658928.0,3.42,-3.18,-1.6,1.52
2023-03-29,600570,49.35,48.67,49.88,47.99,222491,1096811625.0,3.88,-0.14,-0.07,1.17
2023-03-30,600570,48.34,48.12,48.82,47.43,156615,756591411.0,2.86,-1.13,-0.55,0.82
2023-03-31,600570,47.95,52.96,52.96,47.24,522448,2694879339.0,11.89,10.06,4.84,2.75
2023-04-03,600570,53.74,57.31,57.92,53.62,839718,4696236598.0,8.12,8.21,4.35,4.42
2023-04-04,600570,58.46,56.95,58.84,55.43,593371,3393600161.0,5.95,-0.63,-0.36,3.12
2023-04-06,600570,54.55,52.55,54.94,51.33,636754,3379903061.0,6.34,-7.73,-4.4,3.35
2023-04-07,600570,52.44,52.94,54.13,51.35,346600,1844008158.0,5.29,0.74,0.39,1.82
2023-04-10,600570,52.94,48.74,53.2,48.5,582942,2944650287.0,8.88,-7.93,-4.2,3.07
2023-04-11,600570,48.74,48.92,49.68,48.16,365347,1798772199.0,3.12,0.37,0.18,1.92
2023-04-12,600570,49.06,50.34,51.27,48.94,397818,2001676876.0,4.76,2.9,1.42,2.09
2023-04-13,600570,50.74,50.61,53.04,50.34,494122,2567167907.0,5.36,0.54,0.27,2.6
2023-04-14,600570,50.42,50.24,50.96,49.28,206860,1042242816.0,3.32,-0.73,-0.37,1.09
2023-04-17,600570,50.13,49.83,50.73,49.0,212811,1064667495.0,3.44,-0.82,-0.41,1.12
2023-04-18,600570,49.74,49.75,50.88,49.27,223158,1121376683.0,3.23,-0.16,-0.08,1.17
2023-04-19,600570,49.74,50.85,52.15,49.51,332002,1702964815.0,5.31,2.21,1.1,1.75
2023-04-20,600570,51.12,49.8,52.62,47.95,507603,2562071224.0,9.18,-2.06,-1.05,2.67
2023-04-21,600570,49.81,48.9,51.19,48.64,297419,1481903803.0,5.12,-1.81,-0.9,1.57
2023-04-24,600570,48.62,47.18,49.04,46.64,261106,1247994860.0,4.91,-3.52,-1.72,1.37
2023-04-25,600570,46.99,46.44,47.92,46.01,285752,1341427336.0,4.05,-1.57,-0.74,1.5
2023-04-26,600570,46.84,45.34,47.29,45.14,234639,1083149944.0,4.63,-2.37,-1.1,1.23
2023-04-27,600570,44.85,45.73,46.12,44.29,218268,1000869489.0,4.04,0.86,0.39,1.15
2023-04-28,600570,46.34,49.14,49.36,46.34,411862,1990577323.0,6.6,7.46,3.41,2.17
2023-05-04,600570,49.35,46.54,49.35,45.87,312887,1481755339.0,7.08,-5.29,-2.6,1.65
2023-05-05,600570,46.2,46.96,47.79,45.93,212173,1000937374.0,4.0,0.9,0.42,1.12
2023-05-08,600570,46.96,46.6,47.21,45.46,244460,1134245439.0,3.73,-0.77,-0.36,1.29
2023-05-09,600570,46.24,46.18,48.12,45.86,214088,1010680181.0,4.85,-0.9,-0.42,1.13
2023-05-10,600570,45.74,45.99,46.94,45.63,138715,644855393.0,2.84,-0.41,-0.19,0.73
2023-05-11,600570,46.0,45.04,46.31,45.02,159473,727544520.0,2.8,-2.07,-0.95,0.84
2023-05-12,600570,44.75,44.63,45.17,44.49,123797,557069775.0,1.51,-0.91,-0.41,0.65
2023-05-15,600570,44.63,43.88,44.65,42.74,263997,1152364523.0,4.28,-1.68,-0.75,1.39
2023-05-16,600570,44.04,42.19,44.13,41.9,325043,1392645217.0,5.08,-3.85,-1.69,1.71
2023-05-17,600570,42.05,42.3,43.08,41.94,169918,725360996.0,2.7,0.26,0.11,0.89
2023-05-18,600570,42.62,42.81,43.61,42.43,177076,764587897.0,2.79,1.21,0.51,0.93
2023-05-19,600570,42.74,42.52,42.87,41.87,149790,639124767.0,2.34,-0.68,-0.29,0.79
2023-05-22,600570,42.38,42.69,42.83,41.81,149163,636550371.0,2.4,0.4,0.17,0.79
2023-05-23,600570,42.68,42.24,42.99,42.04,92844,396960359.0,2.23,-1.05,-0.45,0.49
2023-05-24,600570,42.15,41.8,42.26,41.54,109263,460912306.0,1.7,-1.04,-0.44,0.58
2023-05-25,600570,41.7,41.32,42.03,40.71,162900,675363639.0,3.16,-1.15,-0.48,0.86
2023-05-26,600570,41.33,41.87,42.06,40.94,105932,443347355.0,2.71,1.33,0.55,0.56
2023-05-29,600570,42.32,42.08,42.62,41.66,127710,540752462.0,2.29,0.5,0.21,0.67
2023-05-30,600570,42.08,42.04,42.2,40.88,238355,993159224.0,3.14,-0.1,-0.04,1.25
2023-05-31,600570,41.83,42.22,42.42,41.66,118796,502903711.0,1.81,0.43,0.18,0.63
2023-06-01,600570,41.84,43.67,44.29,41.55,312399,1359869111.0,6.49,3.43,1.45,1.64
2023-06-02,600570,43.62,43.48,43.84,42.88,201176,879159272.0,2.2,-0.44,-0.19,1.06
2023-06-05,600570,43.6,43.35,43.98,43.05,124425,543749898.0,2.14,-0.3,-0.13,0.65
2023-06-06,600570,43.24,42.26,43.44,42.0,129377,556046005.0,3.32,-2.51,-1.09,0.68
2023-06-07,600570,42.13,42.73,43.33,41.94,100214,431257549.0,3.29,1.11,0.47,0.53
2023-06-08,600570,42.62,42.02,42.74,41.47,149765,632281000.0,2.97,-1.66,-0.71,0.79
2023-06-09,600570,42.28,41.54,42.51,40.84,219129,914647676.0,3.97,-1.14,-0.48,1.15
2023-06-12,600570,41.47,40.45,41.7,40.22,251865,1028512143.0,3.56,-2.62,-1.09,1.33
2023-06-13,600570,40.69,42.38,42.72,39.79,277074,1166927301.0,7.24,4.77,1.93,1.46
2023-06-14,600570,42.55,43.64,44.34,42.55,267118,1169548056.0,4.22,2.97,1.26,1.41
2023-06-15,600570,43.64,43.46,43.84,42.77,179841,783592217.0,2.45,-0.41,-0.18,0.95
2023-06-16,600570,43.39,44.38,44.67,42.81,226922,1003633700.0,4.28,2.12,0.92,1.19
2023-06-19,600570,45.06,46.06,46.51,44.62,424819,1950893209.0,4.26,3.79,1.68,2.24
2023-06-20,600570,46.88,50.68,50.68,46.55,811736,4082276551.0,8.97,10.03,4.62,4.27
2023-06-21,600570,49.58,49.27,50.95,49.11,569656,2852368074.0,3.63,-2.78,-1.41,3.0
2023-06-26,600570,48.37,45.1,48.54,44.74,488899,2276332430.0,7.71,-8.46,-4.17,2.57
2023-06-27,600570,44.98,44.75,46.02,44.13,377188,1695806283.0,4.19,-0.78,-0.35,1.99
2023-06-28,600570,45.67,44.27,45.67,42.76,372542,1638135112.0,6.5,-1.07,-0.48,1.96
2023-06-29,600570,44.93,45.17,46.03,43.47,369226,1656880815.0,5.78,2.03,0.9,1.94
2023-06-30,600570,44.72,44.16,45.02,43.64,250044,1109242366.0,3.06,-2.24,-1.01,1.32
2023-07-03,600570,44.63,44.34,45.17,42.95,272616,1203211631.0,5.03,0.41,0.18,1.43
2023-07-04,600570,44.01,44.02,44.47,43.74,210078,928993894.0,1.65,-0.72,-0.32,1.11
2023-07-05,600570,44.01,42.87,44.37,42.85,199016,865438793.0,3.45,-2.61,-1.15,1.05
2023-07-06,600570,42.38,42.22,42.87,41.99,218082,929055183.0,2.05,-1.52,-0.65,1.15
2023-07-07,600570,42.04,41.44,42.19,40.88,219495,914065702.0,3.1,-1.85,-0.78,1.16
2023-07-10,600570,42.32,40.28,42.62,39.98,433172,1769097197.0,6.37,-2.8,-1.16,2.28
2023-07-11,600570,40.31,37.09,40.31,36.24,933152,3535897391.0,10.1,-7.92,-3.19,4.91
2023-07-12,600570,37.37,36.34,37.81,36.24,422500,1569051145.0,4.23,-2.02,-0.75,2.22
2023-07-13,600570,36.75,36.53,36.8,36.05,386790,1413992404.0,2.06,0.52,0.19,2.04
2023-07-14,600570,37.26,37.57,38.55,36.87,491695,1858339673.0,4.6,2.85,1.04,2.59
2023-07-17,600570,37.87,38.19,38.56,37.57,331790,1268304993.0,2.64,1.65,0.62,1.75
2023-07-18,600570,37.97,37.62,38.26,37.47,257669,974668382.0,2.07,-1.49,-0.57,1.36
2023-07-19,600570,37.98,37.61,38.22,37.39,209938,797174239.0,2.21,-0.03,-0.01,1.1
2023-07-20,600570,37.61,36.65,37.66,36.57,250361,928363791.0,2.9,-2.55,-0.96,1.32
2023-07-21,600570,36.37,36.32,36.8,36.17,157375,575719033.0,1.72,-0.9,-0.33,0.83
2023-07-24,600570,36.33,36.51,36.75,36.09,145045,530383684.0,1.82,0.52,0.19,0.76
2023-07-25,600570,37.49,38.26,38.62,37.25,471918,1799634230.0,3.75,4.79,1.75,2.48
2023-07-26,600570,37.88,37.53,37.97,37.24,221673,834501320.0,1.91,-1.91,-0.73,1.17
2023-07-27,600570,37.51,36.85,37.57,36.57,263091,977544110.0,2.66,-1.81,-0.68,1.38
2023-07-28,600570,36.66,39.76,39.97,36.47,663844,2577714807.0,9.5,7.9,2.91,3.49
2023-07-31,600570,40.36,40.99,41.28,39.85,605751,2478582537.0,3.6,3.09,1.23,3.19
2023-08-01,600570,40.41,40.69,41.27,40.17,240284,979869646.0,2.68,-0.73,-0.3,1.26
2023-08-02,600570,40.51,40.78,41.66,40.38,227432,932028460.0,3.15,0.22,0.09,1.2
2023-08-03,600570,40.48,41.25,41.53,40.27,267346,1097746814.0,3.09,1.15,0.47,1.41
2023-08-04,600570,42.27,41.41,43.15,41.37,703925,2979788956.0,4.32,0.39,0.16,3.7
2023-08-07,600570,40.87,41.27,41.67,40.55,315186,1300837939.0,2.7,-0.34,-0.14,1.66
2023-08-08,600570,40.99,40.72,41.33,40.57,220446,905208148.0,1.84,-1.33,-0.55,1.16
2023-08-09,600570,40.67,40.39,41.23,40.33,156117,637162549.0,2.21,-0.81,-0.33,0.82
2023-08-10,600570,40.39,40.74,40.86,39.77,206218,832046606.0,2.7,0.87,0.35,1.09
2023-08-11,600570,41.16,39.29,41.16,39.26,283263,1133852753.0,4.66,-3.56,-1.45,1.49
2023-08-14,600570,38.27,38.92,39.27,38.12,241381,938828385.0,2.93,-0.94,-0.37,1.27
2023-08-15,600570,38.76,38.8,39.05,38.25,179118,693894838.0,2.06,-0.31,-0.12,0.94
2023-08-16,600570,38.45,38.08,39.1,37.83,186486,717463758.0,3.27,-1.86,-0.72,0.98
2023-08-17,600570,37.88,37.87,38.06,37.42,179990,681353583.0,1.68,-0.55,-0.21,0.95
2023-08-18,600570,37.78,37.1,38.32,37.07,165750,623744279.0,3.3,-2.03,-0.77,0.87
2023-08-21,600570,36.95,36.66,37.42,36.24,171362,634949702.0,3.18,-1.19,-0.44,0.9
2023-08-22,600570,36.75,36.58,37.12,35.76,250407,912477111.0,3.71,-0.22,-0.08,1.32
2023-08-23,600570,36.42,34.98,36.47,34.94,300211,1069246310.0,4.18,-4.37,-1.6,1.58
2023-08-24,600570,35.26,35.18,35.85,34.72,229203,811428545.0,3.23,0.57,0.2,1.21
2023-08-25,600570,34.92,34.03,35.15,33.77,253344,872822228.0,3.92,-3.27,-1.15,1.33
2023-08-28,600570,37.45,35.34,37.45,35.25,509904,1874494686.0,6.46,3.85,1.31,2.68
2023-08-29,600570,35.22,35.55,36.07,34.78,387582,1378361375.0,3.65,0.59,0.21,2.04
2023-08-30,600570,35.6,35.85,36.21,35.43,264222,951718290.0,2.19,0.84,0.3,1.39
2023-08-31,600570,35.86,35.87,36.45,35.62,232424,841052176.0,2.32,0.06,0.02,1.22
2023-09-01,600570,35.91,36.04,36.57,35.8,175237,635684740.0,2.15,0.47,0.17,0.92
2023-09-04,600570,36.22,36.1,36.27,35.37,222384,800351565.0,2.5,0.17,0.06,1.17
2023-09-05,600570,35.93,35.31,36.0,35.31,198028,706388053.0,1.91,-2.19,-0.79,1.04
2023-09-06,600570,35.07,35.0,35.17,34.69,151902,532935643.0,1.36,-0.88,-0.31,0.8
2023-09-07,600570,35.04,34.1,35.04,33.96,188962,651278819.0,3.09,-2.57,-0.9,0.99
2023-09-08,600570,33.9,33.85,34.17,33.45,120306,407303970.0,2.11,-0.73,-0.25,0.63
2023-09-11,600570,33.87,34.05,34.42,33.57,219725,748851167.0,2.51,0.59,0.2,1.16
2023-09-12,600570,33.85,33.48,33.97,33.47,169777,574004091.0,1.47,-1.67,-0.57,0.89
2023-09-13,600570,33.47,32.76,33.54,32.37,214186,705522274.0,3.49,-2.15,-0.72,1.13
2023-09-14,600570,32.95,32.11,32.97,31.88,170391,552494343.0,3.33,-1.98,-0.65,0.9
2023-09-15,600570,32.17,31.97,32.57,31.77,198231,638993298.0,2.49,-0.44,-0.14,1.04
2023-09-18,600570,32.22,32.55,32.97,32.05,231272,757409915.0,2.88,1.81,0.58,1.22
2023-09-19,600570,32.59,31.91,32.72,31.81,173269,557462680.0,2.8,-1.97,-0.64,0.91
2023-09-20,600570,31.91,31.93,32.7,31.87,153565,496806776.0,2.6,0.06,0.02,0.81
2023-09-21,600570,31.87,32.02,32.29,31.6,150468,484048984.0,2.16,0.28,0.09,0.79
2023-09-22,600570,31.87,32.69,32.8,31.8,274619,895834584.0,3.12,2.09,0.67,1.45
2023-09-25,600570,32.82,32.3,32.85,32.02,218857,708127366.0,2.54,-1.19,-0.39,1.15
2023-09-26,600570,32.31,32.48,32.95,32.18,178988,585434993.0,2.38,0.56,0.18,0.94
2023-09-27,600570,32.28,32.35,32.63,32.13,152540,495241897.0,1.54,-0.4,-0.13,0.8
2023-09-28,600570,32.41,32.32,32.46,32.05,151141,489038399.0,1.27,-0.09,-0.03,0.8
2023-10-09,600570,32.25,31.8,32.26,31.68,190700,609896212.0,1.79,-1.61,-0.52,1.0
2023-10-10,600570,31.84,31.69,32.49,31.68,223870,719015364.0,2.55,-0.35,-0.11,1.18
2023-10-11,600570,31.93,32.3,32.76,31.58,279021,906298542.0,3.72,1.92,0.61,1.47
2023-10-12,600570,32.95,32.23,32.97,32.05,225082,731576522.0,2.85,-0.22,-0.07,1.18
2023-10-13,600570,31.97,31.68,31.98,31.26,230238,728561010.0,2.23,-1.71,-0.55,1.21
2023-10-16,600570,31.65,30.98,31.65,30.86,171854,536962555.0,2.49,-2.21,-0.7,0.9
2023-10-17,600570,31.16,31.36,31.59,30.97,152927,480645107.0,2.0,1.23,0.38,0.8
2023-10-18,600570,31.01,30.8,31.13,30.27,184740,570351027.0,2.74,-1.79,-0.56,0.97
2023-10-19,600570,30.46,30.38,31.08,30.35,172472,531225366.0,2.37,-1.36,-0.42,0.91
2023-10-20,600570,30.27,29.79,30.45,29.64,194088,583463211.0,2.67,-1.94,-0.59,1.02
2023-10-23,600570,29.67,29.67,30.17,29.33,173440,517589538.0,2.82,-0.4,-0.12,0.91
2023-10-24,600570,29.67,30.57,30.8,29.29,326883,992425488.0,5.09,3.03,0.9,1.72
2023-10-25,600570,30.82,30.73,31.41,30.52,258063,801685128.0,2.91,0.52,0.16,1.36
2023-10-26,600570,30.58,30.43,30.86,30.07,194756,593710568.0,2.57,-0.98,-0.3,1.03
2023-10-27,600570,30.54,31.0,31.13,29.77,314411,961790291.0,4.47,1.87,0.57,1.65
2023-10-30,600570,30.73,31.55,31.87,30.67,299334,945214620.0,3.87,1.77,0.55,1.58
2023-10-31,600570,31.68,30.99,31.74,30.71,217964,679378638.0,3.26,-1.77,-0.56,1.15
2023-11-01,600570,31.3,30.67,31.32,30.62,170181,527927567.0,2.26,-1.03,-0.32,0.9
2023-11-02,600570,30.73,30.17,31.09,30.16,162245,497833434.0,3.03,-1.63,-0.5,0.85
2023-11-03,600570,30.28,31.17,31.37,30.19,279204,870157269.0,3.91,3.31,1.0,1.47
2023-11-06,600570,31.6,32.42,32.63,31.52,398202,1289885198.0,3.56,4.01,1.25,2.1
2023-11-07,600570,32.33,32.51,32.65,32.02,222457,723542475.0,1.94,0.28,0.09,1.17
2023-11-08,600570,32.55,32.63,33.11,32.19,253519,830898662.0,2.83,0.37,0.12,1.33
2023-11-09,600570,32.56,32.5,32.75,32.27,156689,511485701.0,1.47,-0.4,-0.13,0.82
2023-11-10,600570,32.38,32.47,32.7,32.1,193369,630154309.0,1.85,-0.09,-0.03,1.02
2023-11-13,600570,33.2,33.29,33.94,32.87,363051,1221722047.0,3.3,2.53,0.82,1.91
2023-11-14,600570,33.18,33.67,33.95,32.98,274540,927183688.0,2.91,1.14,0.38,1.44
2023-11-15,600570,34.08,33.37,34.21,33.31,240490,813630374.0,2.67,-0.89,-0.3,1.27
2023-11-16,600570,33.22,33.02,33.64,32.99,157533,526335592.0,1.95,-1.05,-0.35,0.83
2023-11-17,600570,32.77,32.37,33.28,32.22,300805,981785919.0,3.21,-1.97,-0.65,1.58
2023-11-20,600570,32.37,32.63,32.97,31.97,237760,774430652.0,3.09,0.8,0.26,1.25
2023-11-21,600570,32.75,32.32,32.91,32.19,160027,523142480.0,2.21,-0.95,-0.31,0.84
2023-11-22,600570,32.17,31.83,32.53,31.75,140843,452614634.0,2.41,-1.52,-0.49,0.74
2023-11-23,600570,31.69,31.71,31.85,31.08,165211,522071776.0,2.42,-0.38,-0.12,0.87
2023-11-24,600570,31.72,31.0,31.72,30.94,151318,473245682.0,2.46,-2.24,-0.71,0.8
2023-11-27,600570,30.92,30.67,31.06,30.48,127432,393216883.0,1.87,-1.06,-0.33,0.67
2023-11-28,600570,30.66,30.71,30.9,30.39,113086,348232778.0,1.66,0.13,0.04,0.6
2023-11-29,600570,30.71,30.22,30.85,30.17,133961,409336082.0,2.21,-1.6,-0.49,0.71
2023-11-30,600570,30.18,29.9,30.37,29.71,133599,402284888.0,2.18,-1.06,-0.32,0.7
2023-12-01,600570,29.89,30.63,30.79,29.81,186780,567871098.0,3.28,2.44,0.73,0.98
2023-12-04,600570,30.48,30.45,30.73,30.28,170717,522299785.0,1.47,-0.59,-0.18,0.9
2023-12-05,600570,30.36,29.26,30.37,29.26,238848,711773352.0,3.65,-3.91,-1.19,1.26
2023-12-06,600570,29.27,29.01,29.37,28.6,256413,746778043.0,2.63,-0.85,-0.25,1.35
2023-12-07,600570,28.97,29.01,29.24,28.57,200658,582770991.0,2.31,0.0,0.0,1.06
2023-12-08,600570,28.94,29.33,29.61,28.91,223224,657451683.0,2.41,1.1,0.32,1.17
2023-12-11,600570,29.25,30.08,30.26,28.75,273567,810202572.0,5.15,2.56,0.75,1.44
2023-12-12,600570,30.04,29.59,30.11,29.43,223229,664476820.0,2.26,-1.63,-0.49,1.17
2023-12-13,600570,29.65,29.21,30.03,29.2,235863,701452200.0,2.81,-1.28,-0.38,1.24
2023-12-14,600570,29.47,29.04,29.74,29.02,155482,458627579.0,2.46,-0.58,-0.17,0.82
2023-12-15,600570,29.19,28.64,29.23,28.58,185556,536890405.0,2.24,-1.38,-0.4,0.98
2023-12-18,600570,28.42,28.36,29.05,28.17,160454,459751589.0,3.07,-0.98,-0.28,0.84
2023-12-19,600570,28.35,28.53,28.68,28.14,150101,428294273.0,1.9,0.6,0.17,0.79
2023-12-20,600570,28.42,27.28,28.49,27.27,306143,850283899.0,4.28,-4.38,-1.25,1.61
2023-12-21,600570,27.12,27.87,28.0,26.98,278352,774861069.0,3.74,2.16,0.59,1.47
2023-12-22,600570,27.81,27.54,28.0,27.35,214531,596098541.0,2.33,-1.18,-0.33,1.13
2023-12-25,600570,27.53,27.32,27.87,27.2,171085,471487136.0,2.43,-0.8,-0.22,0.9
2023-12-26,600570,27.23,26.87,27.44,26.71,136353,367967894.0,2.67,-1.65,-0.45,0.72
2023-12-27,600570,26.9,26.9,27.07,26.54,200169,539641539.0,1.97,0.11,0.03,1.05
2023-12-28,600570,26.81,28.44,28.75,26.45,397239,1111124254.0,8.55,5.72,1.54,2.09
2023-12-29,600570,28.42,28.63,28.92,28.28,246187,707055690.0,2.25,0.67,0.19,1.3
2024-01-02,600570,29.02,28.05,29.07,28.01,221371,629192256.0,3.7,-2.03,-0.58,1.17
2024-01-03,600570,28.04,27.11,28.04,26.58,366391,997004085.0,5.2,-3.35,-0.94,1.93
2024-01-04,600570,26.88,25.85,26.92,25.57,485268,1267384435.0,4.98,-4.65,-1.26,2.55
2024-01-05,600570,25.84,25.71,26.16,25.49,247274,642962365.0,2.59,-0.54,-0.14,1.3
2024-01-08,600570,25.47,24.89,25.63,24.85,278548,700888893.0,3.03,-3.19,-0.82,1.47
2024-01-09,600570,24.99,24.86,25.35,24.57,217169,544619170.0,3.13,-0.12,-0.03,1.14
2024-01-10,600570,24.77,24.56,24.97,24.3,191851,474852371.0,2.7,-1.21,-0.3,1.01
2024-01-11,600570,24.47,24.89,24.99,24.47,239279,595109020.0,2.12,1.34,0.33,1.26
2024-01-12,600570,24.75,24.66,24.94,24.57,187041,465207997.0,1.49,-0.92,-0.23,0.98
2024-01-15,600570,24.52,24.47,24.86,24.31,174721,430619940.0,2.23,-0.77,-0.19,0.92
2024-01-16,600570,24.36,24.54,24.55,24.01,206706,503714051.0,2.21,0.29,0.07,1.09
2024-01-17,600570,24.4,23.77,24.42,23.77,207593,502348016.0,2.65,-3.14,-0.77,1.09
2024-01-18,600570,23.57,24.38,24.48,23.33,311407,744020454.0,4.84,2.57,0.61,1.64
2024-01-19,600570,24.26,24.03,24.36,23.96,172900,419539971.0,1.64,-1.44,-0.35,0.91
2024-01-22,600570,23.92,23.07,24.14,22.87,263229,622031140.0,5.29,-4.0,-0.96,1.39
2024-01-23,600570,23.07,23.77,23.93,22.93,261311,617041579.0,4.33,3.03,0.7,1.38
2024-01-24,600570,24.16,24.37,24.62,23.08,352420,844791620.0,6.48,2.52,0.6,1.85
2024-01-25,600570,24.17,24.55,24.73,23.74,414441,1011320241.0,4.06,0.74,0.18,2.18
2024-01-26,600570,24.36,24.16,24.6,24.07,260570,637590863.0,2.16,-1.59,-0.39,1.37
2024-01-29,600570,24.17,22.58,24.17,22.52,570455,1313780978.0,6.83,-6.54,-1.58,3.0
2024-01-30,600570,22.41,21.84,22.83,21.81,304765,681010554.0,4.52,-3.28,-0.74,1.6
2024-01-31,600570,21.79,20.91,21.97,20.66,444422,946837603.0,6.0,-4.26,-0.93,2.34
2024-02-01,600570,20.84,20.9,21.53,20.52,362124,765306848.0,4.83,-0.05,-0.01,1.91
2024-02-02,600570,21.0,19.92,21.29,19.2,446171,904256475.0,10.0,-4.69,-0.98,2.35
2024-02-05,600570,19.8,19.17,19.91,18.47,480875,928524316.0,7.23,-3.77,-0.75,2.53
2024-02-06,600570,19.07,20.51,20.63,18.9,483398,968268654.0,9.02,6.99,1.34,2.54
2024-02-07,600570,20.51,20.77,21.23,20.45,465557,976874708.0,3.8,1.27,0.26,2.45
2024-02-08,600570,20.95,21.62,21.66,20.85,466094,1000622933.0,3.9,4.09,0.85,2.45
2024-02-19,600570,22.11,22.14,22.31,21.47,446850,983413661.0,3.89,2.41,0.52,2.35
2024-02-20,600570,21.92,21.94,22.0,21.63,270266,593054004.0,1.67,-0.9,-0.2,1.42
2024-02-21,600570,21.77,22.51,23.32,21.63,479616,1090464068.0,7.7,2.6,0.57,2.52
2024-02-22,600570,22.55,23.04,23.13,22.47,359502,826746757.0,2.93,2.35,0.53,1.89
2024-02-23,600570,23.07,23.13,23.18,22.77,322681,746553385.0,1.78,0.39,0.09,1.7
2024-02-26,600570,23.1,23.14,23.53,22.86,319234,742651961.0,2.9,0.04,0.01,1.68
2024-02-27,600570,22.98,24.25,24.25,22.95,514056,1224899074.0,5.62,4.8,1.11,2.71
2024-02-28,600570,24.39,23.17,25.11,23.17,656755,1603288126.0,8.0,-4.45,-1.08,3.46
2024-02-29,600570,22.93,24.29,24.5,22.93,481399,1157357285.0,6.78,4.83,1.12,2.53
2024-03-01,600570,24.27,25.1,25.27,24.12,631156,1570356652.0,4.73,3.33,0.81,3.32
2024-03-04,600570,25.37,24.66,25.42,24.43,468590,1166245244.0,3.94,-1.75,-0.44,2.47
2024-03-05,600570,24.48,24.2,24.6,23.94,391527,956325165.0,2.68,-1.87,-0.46,2.06
2024-03-06,600570,24.02,23.98,24.34,23.51,343300,825185740.0,3.43,-0.91,-0.22,1.81
2024-03-07,600570,24.1,23.12,24.16,23.1,363598,859795700.0,4.42,-3.59,-0.86,1.91
2024-03-08,600570,23.12,23.89,24.24,22.85,377909,889767771.0,6.01,3.33,0.77,1.99
2024-03-11,600570,23.62,24.12,24.13,23.32,354228,846181138.0,3.39,0.96,0.23,1.86
2024-03-12,600570,24.12,24.37,24.41,23.97,364163,886522081.0,1.82,1.04,0.25,1.92
2024-03-13,600570,24.4,24.31,24.77,24.19,420409,1033169552.0,2.38,-0.25,-0.06,2.21
2024-03-14,600570,24.28,23.98,24.28,23.55,381672,917302340.0,3.0,-1.36,-0.33,2.01
2024-03-15,600570,23.85,23.95,24.02,23.33,318536,756784298.0,2.88,-0.13,-0.03,1.68
2024-03-18,600570,23.91,24.85,24.85,23.89,508061,1251205643.0,4.01,3.76,0.9,2.67
2024-03-19,600570,24.82,24.51,24.93,24.48,311532,773788458.0,1.81,-1.37,-0.34,1.64
2024-03-20,600570,24.51,24.83,25.07,24.44,390984,973575819.0,2.57,1.31,0.32,2.06
2024-03-21,600570,25.05,25.3,26.17,25.02,757619,1948226095.0,4.63,1.89,0.47,3.99
2024-03-22,600570,25.22,24.74,25.27,24.29,534863,1330275150.0,3.87,-2.21,-0.56,2.82
2024-03-25,600570,25.04,23.8,25.13,23.75,415082,1017318961.0,5.58,-3.8,-0.94,2.18
2024-03-26,600570,23.67,23.3,23.9,23.06,327206,771269604.0,3.53,-2.1,-0.5,1.72
2024-03-27,600570,23.22,21.95,23.27,21.89,389174,879473915.0,5.92,-5.79,-1.35,2.05
2024-03-28,600570,21.87,22.61,22.8,21.78,329557,745467109.0,4.65,3.01,0.66,1.73
2024-03-29,600570,22.61,22.43,22.61,22.07,217141,486972405.0,2.39,-0.8,-0.18,1.14
2024-04-01,600570,22.62,23.14,23.15,22.58,272310,626160833.0,2.54,3.17,0.71,1.43
2024-04-02,600570,23.07,22.79,23.09,22.65,231767,532097651.0,1.9,-1.51,-0.35,1.22
2024-04-03,600570,22.73,22.1,22.95,22.07,399721,900291051.0,3.86,-3.03,-0.69,2.1
2024-04-08,600570,21.87,21.24,21.94,21.23,395269,857071983.0,3.21,-3.89,-0.86,2.08
2024-04-09,600570,21.37,21.39,21.55,21.13,208857,447984860.0,1.98,0.71,0.15,1.1
2024-04-10,600570,21.32,20.73,21.33,20.57,266833,559374670.0,3.55,-3.09,-0.66,1.4
2024-04-11,600570,20.61,20.74,21.07,20.55,215387,452194222.0,2.51,0.05,0.01,1.13
2024-04-12,600570,20.74,20.39,20.93,20.33,200133,413550017.0,2.89,-1.69,-0.35,1.06
2024-04-15,600570,20.48,20.89,21.25,20.23,329643,689440926.0,5.0,2.45,0.5,1.74
2024-04-16,600570,20.85,20.33,21.25,20.27,264631,550578995.0,4.69,-2.68,-0.56,1.4
2024-04-17,600570,20.46,20.9,20.97,20.46,291921,610107096.0,2.51,2.8,0.57,1.54
2024-04-18,600570,20.77,20.86,21.42,20.47,339345,715716791.0,4.55,-0.19,-0.04,1.79
2024-04-19,600570,20.65,20.18,20.7,20.09,315283,645347866.0,2.92,-3.26,-0.68,1.66
2024-04-22,600570,19.87,20.44,20.62,19.6,300021,613298865.0,5.05,1.29,0.26,1.58
2024-04-23,600570,20.45,20.42,20.66,20.29,171269,352321183.0,1.81,-0.1,-0.02,0.9
2024-04-24,600570,20.51,20.65,20.66,20.31,207522,428417427.0,1.71,1.13,0.23,1.1
2024-04-25,600570,21.29,20.32,21.31,20.27,360911,747059691.0,5.04,-1.6,-0.33,1.91
2024-04-26,600570,20.42,21.38,21.45,20.38,549986,1157447856.0,5.27,5.22,1.06,2.9
2024-04-29,600570,21.27,22.12,22.34,21.2,562579,1242035728.0,5.33,3.46,0.74,2.97
2024-04-30,600570,21.67,20.48,21.67,20.45,810590,1695308051.0,5.52,-7.41,-1.64,4.28
2024-05-06,600570,20.91,21.08,21.64,20.87,572531,1222742779.0,3.76,2.93,0.6,3.02
2024-05-07,600570,21.07,21.15,21.36,20.85,269985,574211943.0,2.42,0.33,0.07,1.43
2024-05-08,600570,21.01,20.66,21.01,20.59,289682,604966270.0,1.99,-2.32,-0.49,1.53
2024-05-09,600570,20.64,21.12,21.34,20.63,291323,617090722.0,3.44,2.23,0.46,1.54
2024-05-10,600570,21.11,20.96,21.3,20.74,214065,451080714.0,2.65,-0.76,-0.16,1.13
2024-05-13,600570,20.77,20.7,21.24,20.55,296053,619960250.0,3.29,-1.24,-0.26,1.56
2024-05-14,600570,20.7,20.8,20.89,20.62,182055,380163504.0,1.3,0.48,0.1,0.96
2024-05-15,600570,20.82,20.43,20.83,20.37,207069,427517939.0,2.21,-1.78,-0.37,1.09
2024-05-16,600570,20.53,20.78,21.0,20.35,318879,666542040.0,3.18,1.71,0.35,1.68
2024-05-17,600570,20.7,21.13,21.16,20.63,249956,527389095.0,2.55,1.68,0.35,1.32
2024-05-20,600570,21.13,21.58,21.87,21.02,374785,812781860.0,4.02,2.13,0.45,1.98
2024-05-21,600570,21.53,21.17,21.6,21.11,210066,451036554.0,2.27,-1.9,-0.41,1.11
2024-05-22,600570,21.16,21.28,21.37,20.94,161789,344275104.0,2.03,0.52,0.11,0.85
2024-05-23,600570,21.22,20.77,21.3,20.73,216923,456086427.0,2.68,-2.4,-0.51,1.15
2024-05-24,600570,20.69,20.12,20.82,20.05,280213,574227581.0,3.71,-3.13,-0.65,1.48
2024-05-27,600570,20.19,20.17,20.24,19.67,219357,439187230.0,2.83,0.25,0.05,1.16
2024-05-28,600570,20.12,19.98,20.19,19.85,129246,260370033.0,1.69,-0.94,-0.19,0.68
2024-05-29,600570,19.88,19.93,20.17,19.79,124115,249185491.0,1.9,-0.25,-0.05,0.66
2024-05-30,600570,19.9,19.9,19.99,19.7,104379,208390948.0,1.46,-0.15,-0.03,0.55
2024-05-31,600570,19.96,19.94,20.15,19.9,142338,286474868.0,1.26,0.2,0.04,0.75
2024-06-03,600570,19.86,19.52,19.92,19.34,209447,413048012.0,2.91,-2.11,-0.42,1.11
2024-06-04,600570,19.52,19.7,19.72,19.35,147788,290256638.0,1.9,0.92,0.18,0.78
2024-06-05,600570,19.6,19.75,20.09,19.58,167494,335506731.0,2.59,0.25,0.05,0.88
2024-06-06,600570,19.81,19.26,19.87,19.17,186979,365440757.0,3.54,-2.48,-0.49,0.99
2024-06-07,600570,19.37,19.26,19.54,19.07,124391,241453678.0,2.44,0.0,0.0,0.66
2024-06-11,600570,19.06,19.38,19.49,19.0,123147,237755530.0,2.54,0.62,0.12,0.65
2024-06-12,600570,19.38,19.38,19.53,19.33,126241,245189897.0,1.03,0.0,0.0,0.67
2024-06-13,600570,19.38,19.19,19.44,19.13,120952,232651338.0,1.6,-0.98,-0.19,0.64
2024-06-14,600570,19.16,19.51,19.54,18.95,183539,353672820.0,3.07,1.67,0.32,0.97
2024-06-17,600570,19.31,19.21,19.5,19.12,175740,338377985.0,1.95,-1.54,-0.3,0.93
2024-06-18,600570,19.21,19.37,19.59,19.13,157959,306370320.0,2.39,0.83,0.16,0.83
2024-06-19,600570,19.45,19.03,19.47,18.97,156689,299813742.0,2.58,-1.76,-0.34,0.83
2024-06-20,600570,18.88,18.14,18.93,18.13,322487,594061576.0,4.2,-4.68,-0.89,1.7
2024-06-21,600570,18.08,18.22,18.3,17.88,168606,305265923.0,2.32,0.44,0.08,0.89
2024-06-24,600570,18.1,17.65,18.13,17.64,183425,328019714.0,2.69,-3.13,-0.57,0.97
2024-06-25,600570,17.64,17.39,17.78,17.2,218474,380909578.0,3.29,-1.47,-0.26,1.15
2024-06-26,600570,17.3,18.12,18.18,17.25,199059,353252088.0,5.35,4.2,0.73,1.05
2024-06-27,600570,17.99,17.92,18.26,17.85,131326,236637955.0,2.26,-1.1,-0.2,0.69
2024-06-28,600570,17.9,17.66,18.18,17.6,177908,318552996.0,3.24,-1.45,-0.26,0.94
2024-07-01,600570,17.5,17.46,17.66,17.02,196125,339218689.0,3.62,-1.13,-0.2,1.04
2024-07-02,600570,17.46,17.33,17.74,17.29,150100,263030196.0,2.58,-0.74,-0.13,0.79
2024-07-03,600570,17.27,17.15,17.38,17.01,134185,230308808.0,2.14,-1.04,-0.18,0.71
2024-07-04,600570,17.14,16.6,17.25,16.59,215747,363056328.0,3.85,-3.21,-0.55,1.14
2024-07-05,600570,16.61,16.79,16.89,16.45,162026,270995131.0,2.65,1.14,0.19,0.86
2024-07-08,600570,16.71,16.37,16.79,16.31,139987,230890927.0,2.86,-2.5,-0.42,0.74
2024-07-09,600570,16.39,16.54,16.66,16.13,171792,282442751.0,3.24,1.04,0.17,0.91
2024-07-10,600570,16.15,16.34,16.78,15.91,220119,361096796.0,5.26,-1.21,-0.2,1.16
2024-07-11,600570,16.64,16.84,17.0,16.46,190589,319896452.0,3.3,3.06,0.5,1.01
2024-07-12,600570,16.86,16.72,16.91,16.7,104896,175862215.0,1.25,-0.71,-0.12,0.55
2024-07-15,600570,16.7,16.5,16.76,16.46,110285,182435784.0,1.79,-1.32,-0.22,0.58
2024-07-16,600570,16.47,16.83,16.88,16.27,147337,245498929.0,3.7,2.0,0.33,0.78
2024-07-17,600570,16.82,16.94,17.08,16.77,140263,237851269.0,1.84,0.65,0.11,0.74
2024-07-18,600570,16.87,17.01,17.09,16.65,136201,229357692.0,2.6,0.41,0.07,0.72
2024-07-19,600570,16.97,17.49,17.62,16.9,248558,432810471.0,4.23,2.82,0.48,1.31
2024-07-22,600570,17.69,17.76,18.0,17.43,220778,391580747.0,3.26,1.54,0.27,1.17
2024-07-23,600570,17.81,17.32,17.81,17.32,145893,256286440.0,2.76,-2.48,-0.44,0.77
2024-07-24,600570,17.32,17.08,17.39,17.01,130744,224415034.0,2.19,-1.39,-0.24,0.69
2024-07-25,600570,16.98,17.43,17.68,16.98,154662,268847426.0,4.1,2.05,0.35,0.82
2024-07-26,600570,17.44,17.43,17.68,17.32,115132,201130206.0,2.07,0.0,0.0,0.61
2024-07-29,600570,17.43,17.27,17.49,17.15,101163,175096765.0,1.95,-0.92,-0.16,0.53
2024-07-30,600570,17.25,17.32,17.41,17.11,81252,140432017.0,1.74,0.29,0.05,0.43
2024-07-31,600570,17.32,18.32,18.4,17.3,296319,534739552.0,6.35,5.77,1.0,1.56
2024-08-01,600570,18.24,18.13,18.38,18.08,146223,266337504.0,1.64,-1.04,-0.19,0.77
2024-08-02,600570,18.07,17.82,18.28,17.79,120629,217338071.0,2.7,-1.71,-0.31,0.64
2024-08-05,600570,17.68,17.63,18.23,17.52,172177,306968788.0,3.98,-1.07,-0.19,0.91
2024-08-06,600570,17.85,17.67,17.96,17.48,144860,255899524.0,2.72,0.23,0.04,0.76
2024-08-07,600570,17.67,17.49,17.79,17.44,102616,180281073.0,1.98,-1.02,-0.18,0.54
2024-08-08,600570,17.36,17.26,17.54,16.99,152308,262639957.0,3.14,-1.32,-0.23,0.8
2024-08-09,600570,17.4,16.97,17.43,16.97,103328,177450566.0,2.67,-1.68,-0.29,0.55
2024-08-12,600570,16.88,16.73,17.02,16.65,100191,168105139.0,2.18,-1.41,-0.24,0.53
2024-08-13,600570,16.73,16.86,16.88,16.61,91254,152889250.0,1.61,0.78,0.13,0.48
2024-08-14,600570,16.79,16.49,16.91,16.47,119556,198688318.0,2.61,-2.19,-0.37,0.63
2024-08-15,600570,16.46,16.58,16.9,16.38,167228,278187972.0,3.15,0.55,0.09,0.88
2024-08-16,600570,16.6,16.4,16.68,16.4,105722,174334922.0,1.69,-1.09,-0.18,0.56
2024-08-19,600570,16.4,16.43,16.68,16.34,111666,184377450.0,2.07,0.18,0.03,0.59
2024-08-20,600570,16.42,15.99,16.45,15.95,144462,232764465.0,3.04,-2.68,-0.44,0.76
2024-08-21,600570,15.94,15.83,16.09,15.8,99849,159055128.0,1.81,-1.0,-0.16,0.53
2024-08-22,600570,15.9,15.36,15.97,15.33,157327,244771637.0,4.04,-2.97,-0.47,0.83
2024-08-23,600570,15.36,15.7,15.82,15.36,139383,217754904.0,2.99,2.21,0.34,0.74
2024-08-26,600570,15.75,15.58,16.02,15.48,151859,238646908.0,3.44,-0.76,-0.12,0.8
2024-08-27,600570,15.53,15.34,15.55,15.28,110670,169993446.0,1.73,-1.54,-0.24,0.58
2024-08-28,600570,15.35,15.55,15.59,15.23,108244,166919065.0,2.35,1.37,0.21,0.57
2024-08-29,600570,15.49,15.79,15.93,15.44,110254,174009395.0,3.15,1.54,0.24,0.58
2024-08-30,600570,15.75,16.33,16.54,15.7,212146,345404148.0,5.32,3.42,0.54,1.12
2024-09-02,600570,16.31,15.84,16.38,15.82,158050,253392068.0,3.43,-3.0,-0.49,0.83
2024-09-03,600570,15.81,16.16,16.2,15.81,115982,186368565.0,2.46,2.02,0.32,0.61
2024-09-04,600570,16.04,16.11,16.33,15.98,103726,167804544.0,2.17,-0.31,-0.05,0.55
2024-09-05,600570,16.12,16.33,16.44,16.12,126561,206415052.0,1.99,1.37,0.22,0.67
2024-09-06,600570,16.56,16.1,16.56,16.09,99705,162257849.0,2.88,-1.41,-0.23,0.53
2024-09-09,600570,15.98,15.88,16.16,15.8,104487,166807797.0,2.24,-1.37,-0.22,0.55
2024-09-10,600570,15.92,16.2,16.43,15.7,139498,223694458.0,4.6,2.02,0.32,0.74
2024-09-11,600570,16.14,16.31,16.39,16.07,97274,158454772.0,1.98,0.68,0.11,0.51
2024-09-12,600570,16.32,16.2,16.5,16.17,90564,147780641.0,2.02,-0.67,-0.11,0.48
2024-09-13,600570,16.19,15.99,16.3,15.97,91625,147177165.0,2.04,-1.3,-0.21,0.48
2024-09-18,600570,15.93,15.92,16.07,15.67,86231,136594835.0,2.5,-0.44,-0.07,0.46
2024-09-19,600570,16.06,16.48,16.56,15.87,188841,308610364.0,4.33,3.52,0.56,1.0
2024-09-20,600570,16.52,16.63,16.68,16.35,195158,322707227.0,2.0,0.91,0.15,1.03
2024-09-23,600570,16.64,16.43,16.71,16.41,135614,224157746.0,1.8,-1.2,-0.2,0.72
2024-09-24,600570,16.68,17.55,17.62,16.51,455013,781356119.0,6.76,6.82,1.12,2.4
2024-09-25,600570,18.0,17.9,18.38,17.79,503063,910738144.0,3.36,1.99,0.35,2.66
2024-09-26,600570,17.95,18.9,19.01,17.8,509317,938643311.0,6.76,5.59,1.0,2.69
2024-09-27,600570,19.99,20.79,20.79,19.84,580857,1199596897.0,5.03,10.0,1.89,3.07
2024-09-30,600570,22.87,22.87,22.87,22.87,123541,282538290.0,0.0,10.0,2.08,0.65
2024-10-08,600570,25.16,25.16,25.16,25.16,82030,206386952.0,0.0,10.01,2.29,0.43
2024-10-09,600570,27.68,27.68,27.68,26.88,1575350,4354533695.0,3.18,10.02,2.52,8.32
2024-10-10,600570,28.0,25.46,28.12,25.0,2488343,6552922004.0,11.27,-8.02,-2.22,13.14
2024-10-11,600570,24.38,23.38,25.22,23.11,1287194,3074413624.0,8.29,-8.17,-2.08,6.8
2024-10-14,600570,23.52,24.94,25.52,22.49,1263944,3013665291.0,12.96,6.67,1.56,6.67
2024-10-15,600570,24.45,25.58,27.3,24.25,1440156,3746652353.0,12.23,2.57,0.64,7.6
2024-10-16,600570,24.84,25.58,26.44,24.61,901240,2300212254.0,7.15,0.0,0.0,4.76
2024-10-17,600570,26.12,25.76,26.5,25.18,975131,2532408279.0,5.16,0.7,0.18,5.15
2024-10-18,600570,25.5,28.1,28.34,25.09,1629888,4397889899.0,12.62,9.08,2.34,8.6
2024-10-21,600570,28.0,28.01,28.67,27.27,1363296,3810092453.0,4.98,-0.32,-0.09,7.2
2024-10-22,600570,27.95,27.1,27.95,26.5,940446,2558281758.0,5.18,-3.25,-0.91,4.97
2024-10-23,600570,26.99,26.86,27.94,26.72,783547,2135261273.0,4.5,-0.89,-0.24,4.14
2024-10-24,600570,26.52,26.3,27.08,26.06,596449,1570259634.0,3.8,-2.08,-0.56,3.15
2024-10-25,600570,26.42,26.38,26.83,25.94,580125,1526797301.0,3.38,0.3,0.08,3.06
2024-10-28,600570,26.29,26.47,26.65,26.0,473829,1248254525.0,2.46,0.34,0.09,2.5
2024-10-29,600570,26.47,25.88,27.09,25.85,666751,1757116238.0,4.68,-2.23,-0.59,3.52
2024-10-30,600570,25.58,25.87,26.11,25.38,473703,1218560502.0,2.82,-0.04,-0.01,2.5
2024-10-31,600570,25.99,26.81,27.53,25.7,986472,2640564188.0,7.07,3.63,0.94,5.21
2024-11-01,600570,26.54,25.83,27.15,25.73,721128,1899466456.0,5.3,-3.66,-0.98,3.81
2024-11-04,600570,25.7,26.5,26.55,25.66,498080,1302691679.0,3.45,2.59,0.67,2.63
2024-11-05,600570,27.22,29.15,29.15,26.78,1411061,4016927203.0,8.94,10.0,2.65,7.45
2024-11-06,600570,30.5,30.49,32.06,29.88,2033755,6301003512.0,7.48,4.6,1.34,10.74
2024-11-07,600570,29.7,32.6,32.88,29.09,1763494,5382686820.0,12.43,6.92,2.11,9.31
2024-11-08,600570,33.52,31.66,33.79,31.59,1363796,4420809079.0,6.75,-2.88,-0.94,7.2
2024-11-11,600570,31.19,34.43,34.83,31.02,1346046,4391255754.0,12.03,8.75,2.77,7.11
2024-11-12,600570,35.0,34.33,37.3,34.24,1638672,5783443371.0,8.89,-0.29,-0.1,8.65
2024-11-13,600570,33.8,32.8,34.19,32.3,1108958,3653744720.0,5.51,-4.46,-1.53,5.85
2024-11-14,600570,32.5,31.66,33.16,31.54,776983,2514169511.0,4.94,-3.48,-1.14,4.1
2024-11-15,600570,31.34,29.82,32.15,29.81,947998,2929099724.0,7.39,-5.81,-1.84,5.0
2024-11-18,600570,29.93,29.3,30.58,28.66,721212,2125329016.0,6.44,-1.74,-0.52,3.81
2024-11-19,600570,29.3,30.0,30.25,28.94,623694,1845990821.0,4.47,2.39,0.7,3.29
2024-11-20,600570,29.97,30.63,31.29,29.72,684196,2085614469.0,5.23,2.1,0.63,3.61
2024-11-21,600570,30.11,30.62,31.1,30.11,494525,1512678457.0,3.23,-0.03,-0.01,2.61
2024-11-22,600570,30.5,28.96,30.78,28.9,644206,1922078649.0,6.14,-5.42,-1.66,3.4
2024-11-25,600570,28.94,28.1,29.18,27.43,645462,1811209774.0,6.04,-2.97,-0.86,3.41
2024-11-26,600570,28.1,28.08,28.79,27.83,341260,963198202.0,3.42,-0.07,-0.02,1.8
2024-11-27,600570,28.08,28.98,28.98,27.52,496806,1410685299.0,5.2,3.21,0.9,2.62
2024-11-28,600570,29.8,29.38,30.8,29.32,715102,2147129808.0,5.11,1.38,0.4,3.78
2024-11-29,600570,29.21,30.68,31.7,29.15,898028,2737571646.0,8.68,4.42,1.3,4.74
2024-12-02,600570,30.48,31.34,31.87,30.21,772276,2421700656.0,5.41,2.15,0.66,4.08
2024-12-03,600570,31.13,31.17,31.65,30.6,594136,1847553172.0,3.35,-0.54,-0.17,3.14
2024-12-04,600570,31.0,30.6,31.29,30.44,449559,1385993939.0,2.73,-1.83,-0.57,2.37
2024-12-05,600570,30.39,31.02,31.35,30.39,503535,1560835041.0,3.14,1.37,0.42,2.66
2024-12-06,600570,31.02,31.11,32.13,30.64,672215,2110905006.0,4.8,0.29,0.09,3.55
2024-12-09,600570,31.21,31.27,32.56,31.0,597694,1891337679.0,5.01,0.51,0.16,3.16
2024-12-10,600570,33.23,31.86,33.27,31.69,877333,2828202620.0,5.05,1.89,0.59,4.63
2024-12-11,600570,31.71,30.82,31.89,30.42,647680,2015145875.0,4.61,-3.26,-1.04,3.42
2024-12-12,600570,30.82,31.79,32.28,30.4,681634,2127183686.0,6.1,3.15,0.97,3.6
2024-12-13,600570,31.2,30.12,31.25,30.01,626517,1922106757.0,3.9,-5.25,-1.67,3.31
2024-12-16,600570,30.12,29.81,30.23,29.63,334063,996547750.0,1.99,-1.03,-0.31,1.76
2024-12-17,600570,29.89,29.75,30.31,29.7,330988,991771226.0,2.05,-0.2,-0.06,1.75
2024-12-18,600570,30.0,29.88,30.22,29.55,297369,888657039.0,2.25,0.44,0.13,1.57
2024-12-19,600570,29.46,29.92,29.93,29.3,316899,940538867.0,2.11,0.13,0.04,1.67
2024-12-20,600570,29.8,29.99,30.37,29.61,322383,968869415.0,2.54,0.23,0.07,1.7
2024-12-23,600570,29.9,29.25,30.18,29.18,320673,948720387.0,3.33,-2.47,-0.74,1.69
2024-12-24,600570,29.33,29.65,29.75,29.14,253978,747082516.0,2.09,1.37,0.4,1.34
2024-12-25,600570,29.68,29.12,29.75,28.94,261979,768495647.0,2.73,-1.79,-0.53,1.38
2024-12-26,600570,29.27,29.14,29.51,29.09,253929,742799465.0,1.44,0.07,0.02,1.34
2024-12-27,600570,29.21,29.41,30.09,29.03,411213,1218730157.0,3.64,0.93,0.27,2.17
